Route_UUID,Interface,Selected Networks,Gateway,Metric
005056A1-C63D-0ed3-0000-008590048291,ipsec,"[{'type': 'Network', 'overridable': False, 'id': '005056A1-C63D-0ed3-0000-008589957957', 'name': 'obj-172.20.128.0'}]",obj-10.5.108.15,1
005056A1-C63D-0ed3-0000-008590048308,ipsec,"[{'type': 'Host', 'overridable': False, 'id': '005056A1-C63D-0ed3-0000-008589956585', 'name': 'obj-192.168.0.5'}]",obj-10.6.3.9,1
005056A1-C63D-0ed3-0000-008590048001,ipsec,"[{'type': 'Network', 'overridable': False, 'id': '005056A1-C63D-0ed3-0000-008589957448', 'name': 'obj-10.5.108.128'}]",obj-10.5.108.3,1
005056A1-C63D-0ed3-0000-008590048264,outside,"[{'type': 'Host', 'overridable': False, 'id': '005056A1-C63D-0ed3-0000-008589956571', 'name': 'obj-69.191.192.25'}]",obj-200.1.118.1,1
005056A1-C63D-0ed3-0000-008590048349,extranet,"[{'type': 'Network', 'overridable': False, 'id': '005056A1-C63D-0ed3-0000-008589958120', 'name': 'obj-192.168.41.0'}]",obj-10.6.3.9,1
005056A1-C63D-0ed3-0000-008590048092,extranet,"[{'type': 'Network', 'overridable': False, 'id': '005056A1-C63D-0ed3-0000-008589957622', 'name': 'obj-10.6.100.144'}]",obj-10.6.3.9,1
005056A1-C63D-0ed3-0000-008590048342,ipsec,"[{'type': 'Network', 'overridable': False, 'id': '005056A1-C63D-0ed3-0000-008589958113', 'name': 'obj-192.168.34.0'}]",obj-10.5.108.15,1
005056A1-C63D-0ed3-0000-008590048203,inside,"[{'type': 'Network', 'overridable': False, 'id': '005056A1-C63D-0ed3-0000-008589957922', 'name': 'obj-10.16.0.0'}]",obj-10.5.100.1,1
005056A1-C63D-0ed3-0000-008590048202,inside,"[{'type': 'Network', 'overridable': False, 'id': '005056A1-C63D-0ed3-0000-008589957296', 'name': 'OBJ-10.12.0.0'}]",obj-10.5.100.1,1
005056A1-C63D-0ed3-0000-008590048245,extranet,"[{'type': 'Network', 'overridable': False, 'id': '005056A1-C63D-0ed3-0000-008589957940', 'name': 'obj-10.236.252.0'}]",obj-10.6.3.9,1
005056A1-C63D-0ed3-0000-008590048160,extranet,"[{'type': 'Host', 'overridable': False, 'id': '005056A1-C63D-0ed3-0000-008589956411', 'name': 'obj-10.6.250.94'}]",obj-10.6.3.9,1
005056A1-C63D-0ed3-0000-008590048390,extranet,"[{'type': 'Host', 'overridable': False, 'id': '005056A1-C63D-0ed3-0000-008589956587', 'name': 'obj-192.168.95.179'}]",obj-10.6.3.17,1
005056A1-C63D-0ed3-0000-008590048239,inside,"[{'type': 'Network', 'overridable': False, 'id': '005056A1-C63D-0ed3-0000-008589957935', 'name': 'obj-10.235.0.0'}]",obj-10.5.100.1,1
005056A1-C63D-0ed3-0000-008590048224,extranet,"[{'type': 'Host', 'overridable': False, 'id': '005056A1-C63D-0ed3-0000-008589955066', 'name': 'OBJ-10.70.236.114'}]",obj-10.6.3.36,1
005056A1-C63D-0ed3-0000-008590048080,extranet,"[{'type': 'Network', 'overridable': False, 'id': '005056A1-C63D-0ed3-0000-008589957610', 'name': 'obj-10.6.70.0'}]",obj-10.6.3.9,1
005056A1-C63D-0ed3-0000-008590048327,ipsec,"[{'type': 'Network', 'overridable': False, 'id': '005056A1-C63D-0ed3-0000-008589958098', 'name': 'obj-192.168.18.0'}]",obj-10.5.108.15,1
005056A1-C63D-0ed3-0000-008590048386,extranet,"[{'type': 'Network', 'overridable': False, 'id': '005056A1-C63D-0ed3-0000-008589958272', 'name': 'obj-192.168.74.96'}]",obj-10.6.3.13,1
005056A1-C63D-0ed3-0000-008590048430,extranet,"[{'type': 'Host', 'overridable': False, 'id': '005056A1-C63D-0ed3-0000-008589956733', 'name': 'obj-192.168.163.2'}]",obj-10.6.3.9,1
005056A1-C63D-0ed3-0000-008590048206,extranet,"[{'type': 'Host', 'overridable': False, 'id': '005056A1-C63D-0ed3-0000-008589956556', 'name': 'obj-10.64.10.40'}]",obj-10.6.3.9,1
005056A1-C63D-0ed3-0000-008590048212,extranet,"[{'type': 'Network', 'overridable': False, 'id': '005056A1-C63D-0ed3-0000-008589957279', 'name': 'OBJ-10.65.10.0'}]",obj-10.6.3.9,1
005056A1-C63D-0ed3-0000-008590048277,extranet,"[{'type': 'Network', 'overridable': False, 'id': '005056A1-C63D-0ed3-0000-008589957946', 'name': 'obj-155.195.0.0'}]",obj-10.6.3.7,1
005056A1-C63D-0ed3-0000-008590048176,extranet,"[{'type': 'Host', 'overridable': False, 'id': '005056A1-C63D-0ed3-0000-008589956543', 'name': 'obj-10.6.252.80'}]",obj-10.6.3.9,1
005056A1-C63D-0ed3-0000-008590048306,extranet,"[{'type': 'Network', 'overridable': False, 'id': '005056A1-C63D-0ed3-0000-008589957968', 'name': 'obj-192.155.138.0'}]",obj-10.6.3.7,1
005056A1-C63D-0ed3-0000-008590048445,outside,"[{'type': 'Network', 'overridable': False, 'id': '005056A1-C63D-0ed3-0000-008589958285', 'name': 'obj-199.105.176.0'}]",obj-200.1.118.71,1
005056A1-C63D-0ed3-0000-008590048012,extranet,"[{'type': 'Network', 'overridable': False, 'id': '005056A1-C63D-0ed3-0000-008589957453', 'name': 'obj-10.6.0.32'}]",obj-10.6.3.9,1
005056A1-C63D-0ed3-0000-008590048242,extranet,"[{'type': 'Network', 'overridable': False, 'id': '005056A1-C63D-0ed3-0000-008589957937', 'name': 'obj-10.236.138.0'}]",obj-10.6.3.9,1
005056A1-C63D-0ed3-0000-008590048402,extranet,"[{'type': 'Network', 'overridable': False, 'id': '005056A1-C63D-0ed3-0000-008589958276', 'name': 'obj-192.168.100.0'}]",obj-10.6.3.13,1
005056A1-C63D-0ed3-0000-008590047987,extranet,"[{'type': 'Host', 'overridable': False, 'id': '005056A1-C63D-0ed3-0000-008589956242', 'name': 'obj-10.0.154.39'}]",obj-10.6.3.9,1
005056A1-C63D-0ed3-0000-008590048424,extranet,"[{'type': 'Host', 'overridable': False, 'id': '005056A1-C63D-0ed3-0000-008589956731', 'name': 'obj-192.168.155.2'}]",obj-10.6.3.9,1
005056A1-C63D-0ed3-0000-008590048127,extranet,"[{'type': 'Network', 'overridable': False, 'id': '005056A1-C63D-0ed3-0000-008589957768', 'name': 'obj-10.6.175.64'}]",obj-10.6.3.9,1
005056A1-C63D-0ed3-0000-008590048425,extranet,"[{'type': 'Host', 'overridable': False, 'id': '005056A1-C63D-0ed3-0000-008589956732', 'name': 'obj-192.168.155.3'}]",obj-10.6.3.9,1
005056A1-C63D-0ed3-0000-008590048195,ipsec,"[{'type': 'Network', 'overridable': False, 'id': '005056A1-C63D-0ed3-0000-008589957802', 'name': 'obj-10.8.128.0'}]",obj-10.5.108.33,1
005056A1-C63D-0ed3-0000-008590048348,ipsec,"[{'type': 'Network', 'overridable': False, 'id': '005056A1-C63D-0ed3-0000-008589958119', 'name': 'obj-192.168.40.0'}]",obj-10.5.108.15,1
005056A1-C63D-0ed3-0000-008590048303,ipsec,"[{'type': 'Network', 'overridable': False, 'id': '005056A1-C63D-0ed3-0000-008589957965', 'name': 'obj-190.221.23.104'}]",obj-10.5.108.15,1
005056A1-C63D-0ed3-0000-008590048392,extranet,"[{'type': 'Host', 'overridable': False, 'id': '005056A1-C63D-0ed3-0000-008589956589', 'name': 'obj-192.168.95.209'}]",obj-10.6.3.36,1
005056A1-C63D-0ed3-0000-008590048165,extranet,"[{'type': 'Host', 'overridable': False, 'id': '005056A1-C63D-0ed3-0000-008589956416', 'name': 'obj-10.6.252.13'}]",obj-10.6.3.13,1
005056A1-C63D-0ed3-0000-008590048136,extranet,"[{'type': 'Host', 'overridable': False, 'id': '005056A1-C63D-0ed3-0000-008589956400', 'name': 'obj-10.6.194.1'}]",obj-10.6.3.30,1
005056A1-C63D-0ed3-0000-008590048033,extranet,"[{'type': 'Host', 'overridable': False, 'id': '005056A1-C63D-0ed3-0000-008589956378', 'name': 'obj-10.6.3.42'}]",obj-10.6.3.9,1
005056A1-C63D-0ed3-0000-008590048008,extranet,"[{'type': 'Host', 'overridable': False, 'id': '005056A1-C63D-0ed3-0000-008589956250', 'name': 'obj-10.6.0.9'}]",obj-10.6.3.9,1
005056A1-C63D-0ed3-0000-008590047994,inside,"[{'type': 'Network', 'overridable': False, 'id': '005056A1-C63D-0ed3-0000-008589957441', 'name': 'obj-10.5.46.0'}]",obj-10.5.100.1,1
005056A1-C63D-0ed3-0000-008590048172,extranet,"[{'type': 'Host', 'overridable': False, 'id': '005056A1-C63D-0ed3-0000-008589956424', 'name': 'obj-10.6.252.72'}]",obj-10.6.3.9,1
005056A1-C63D-0ed3-0000-008590048452,extranet,"[{'type': 'Host', 'overridable': False, 'id': '005056A1-C63D-0ed3-0000-008589956748', 'name': 'obj-209.13.133.50'}]",obj-10.6.3.9,1
005056A1-C63D-0ed3-0000-008590048051,extranet,"[{'type': 'Network', 'overridable': False, 'id': '005056A1-C63D-0ed3-0000-008589957468', 'name': 'obj-10.6.10.0'}]",obj-10.6.3.9,1
005056A1-C63D-0ed3-0000-008590048181,extranet,"[{'type': 'Network', 'overridable': False, 'id': '005056A1-C63D-0ed3-0000-008589957793', 'name': 'obj-10.7.11.0'}]",obj-10.6.3.13,1
005056A1-C63D-0ed3-0000-008590048309,ipsec,"[{'type': 'Network', 'overridable': False, 'id': '005056A1-C63D-0ed3-0000-008589958085', 'name': 'obj-192.168.1.0'}]",obj-10.5.108.15,1
005056A1-C63D-0ed3-0000-008590048409,extranet,"[{'type': 'Host', 'overridable': False, 'id': '005056A1-C63D-0ed3-0000-008589956716', 'name': 'obj-192.168.139.2'}]",obj-10.6.3.70,1
005056A1-C63D-0ed3-0000-008590048300,ipsec,"[{'type': 'Host', 'overridable': False, 'id': '005056A1-C63D-0ed3-0000-008589952631', 'name': 'OBJ-172.30.221.193'}]",obj-10.5.108.3,1
005056A1-C63D-0ed3-0000-008590048097,extranet,"[{'type': 'Network', 'overridable': False, 'id': '005056A1-C63D-0ed3-0000-008589957627', 'name': 'obj-10.6.133.0'}]",obj-10.6.3.70,1
005056A1-C63D-0ed3-0000-008590048222,extranet,"[{'type': 'Host', 'overridable': False, 'id': '005056A1-C63D-0ed3-0000-008589955061', 'name': 'OBJ-10.70.232.26'}]",obj-10.6.3.17,1
005056A1-C63D-0ed3-0000-008590048387,extranet,"[{'type': 'Network', 'overridable': False, 'id': '005056A1-C63D-0ed3-0000-008589958273', 'name': 'obj-192.168.74.104'}]",obj-10.6.3.13,1
005056A1-C63D-0ed3-0000-008590048394,extranet,"[{'type': 'Host', 'overridable': False, 'id': '005056A1-C63D-0ed3-0000-008589956591', 'name': 'obj-192.168.95.213'}]",obj-10.6.3.17,1
005056A1-C63D-0ed3-0000-008590048397,extranet,"[{'type': 'Host', 'overridable': False, 'id': '005056A1-C63D-0ed3-0000-008589951805', 'name': 'OBJ-192.168.95.246'}]",obj-10.6.3.36,1
005056A1-C63D-0ed3-0000-008590048214,extranet,"[{'type': 'Host', 'overridable': False, 'id': '005056A1-C63D-0ed3-0000-008589954941', 'name': 'OBJ-10.70.224.29'}]",obj-10.6.3.17,1
005056A1-C63D-0ed3-0000-008590048262,outside,"[{'type': 'Host', 'overridable': False, 'id': '005056A1-C63D-0ed3-0000-008589956569', 'name': 'obj-69.191.192.22'}]",obj-200.1.118.1,1
005056A1-C63D-0ed3-0000-008590048313,extranet,"[{'type': 'Host', 'overridable': False, 'id': '005056A1-C63D-0ed3-0000-008589956586', 'name': 'obj-192.168.5.101'}]",obj-10.6.3.9,1
005056A1-C63D-0ed3-0000-008590048383,extranet,"[{'type': 'Network', 'overridable': False, 'id': '005056A1-C63D-0ed3-0000-008589958269', 'name': 'obj-192.168.74.48'}]",obj-10.6.3.13,1
005056A1-C63D-0ed3-0000-008590048270,extranet,"[{'type': 'Host', 'overridable': False, 'id': '005056A1-C63D-0ed3-0000-008589956576', 'name': 'obj-148.171.221.239'}]",obj-10.6.3.15,1
005056A1-C63D-0ed3-0000-008590048422,extranet,"[{'type': 'Host', 'overridable': False, 'id': '005056A1-C63D-0ed3-0000-008589956729', 'name': 'obj-192.168.153.2'}]",obj-10.6.3.9,1
005056A1-C63D-0ed3-0000-008590048333,ipsec,"[{'type': 'Network', 'overridable': False, 'id': '005056A1-C63D-0ed3-0000-008589958104', 'name': 'obj-192.168.25.0'}]",obj-10.5.108.15,1
005056A1-C63D-0ed3-0000-008590048134,extranet,"[{'type': 'Network', 'overridable': False, 'id': '005056A1-C63D-0ed3-0000-008589957775', 'name': 'obj-10.6.193.0'}]",obj-10.6.3.30,1
005056A1-C63D-0ed3-0000-008590048106,extranet,"[{'type': 'Network', 'overridable': False, 'id': '005056A1-C63D-0ed3-0000-008589957636', 'name': 'obj-10.6.152.0'}]",obj-10.6.3.9,1
005056A1-C63D-0ed3-0000-008590048290,extranet,"[{'type': 'Host', 'overridable': False, 'id': '005056A1-C63D-0ed3-0000-008589956582', 'name': 'obj-172.20.120.21'}]",obj-10.6.3.9,1
005056A1-C63D-0ed3-0000-008590048325,ipsec,"[{'type': 'Network', 'overridable': False, 'id': '005056A1-C63D-0ed3-0000-008589958096', 'name': 'obj-192.168.16.04'}]",obj-10.5.108.15,1
005056A1-C63D-0ed3-0000-008590048320,ipsec,"[{'type': 'Network', 'overridable': False, 'id': '005056A1-C63D-0ed3-0000-008589958091', 'name': 'obj-192.168.8.0'}]",obj-10.5.108.15,1
005056A1-C63D-0ed3-0000-008590048401,extranet,"[{'type': 'Host', 'overridable': False, 'id': '005056A1-C63D-0ed3-0000-008589956710', 'name': 'obj-192.168.97.132'}]",obj-10.6.3.36,1
005056A1-C63D-0ed3-0000-008590048044,extranet,"[{'type': 'Host', 'overridable': False, 'id': '005056A1-C63D-0ed3-0000-008589956388', 'name': 'obj-10.6.3.58'}]",obj-10.6.3.9,1
005056A1-C63D-0ed3-0000-008590048350,ipsec,"[{'type': 'Network', 'overridable': False, 'id': '005056A1-C63D-0ed3-0000-008589958121', 'name': 'obj-192.168.42.0'}]",obj-10.5.108.15,1
005056A1-C63D-0ed3-0000-008590048128,extranet,"[{'type': 'Network', 'overridable': False, 'id': '005056A1-C63D-0ed3-0000-008589957769', 'name': 'obj-10.6.175.128'}]",obj-10.6.3.70,1
005056A1-C63D-0ed3-0000-008590048280,extranet,"[{'type': 'Network', 'overridable': False, 'id': '005056A1-C63D-0ed3-0000-008589957949', 'name': 'obj-159.44.11.0'}]",obj-10.6.3.7,1
005056A1-C63D-0ed3-0000-008590048071,inside,"[{'type': 'Host', 'overridable': False, 'id': '005056A1-C63D-0ed3-0000-008589956395', 'name': 'obj-10.6.40.101'}]",obj-10.5.100.1,1
005056A1-C63D-0ed3-0000-008590048121,extranet,"[{'type': 'Host', 'overridable': False, 'id': '005056A1-C63D-0ed3-0000-008589956399', 'name': 'obj-10.6.174.42'}]",obj-10.6.3.9,1
005056A1-C63D-0ed3-0000-008590048236,inside,"[{'type': 'Network', 'overridable': False, 'id': '005056A1-C63D-0ed3-0000-008589957932', 'name': 'obj-10.234.0.01'}]",obj-10.5.100.1,1
005056A1-C63D-0ed3-0000-008590048272,extranet,"[{'type': 'Host', 'overridable': False, 'id': '005056A1-C63D-0ed3-0000-008589955253', 'name': 'OBJ-148.171.222.241'}]",obj-10.6.3.70,1
005056A1-C63D-0ed3-0000-008590048360,extranet,"[{'type': 'Network', 'overridable': False, 'id': '005056A1-C63D-0ed3-0000-008589958131', 'name': 'obj-192.168.67.0'}]",obj-10.6.3.13,1
005056A1-C63D-0ed3-0000-008590048301,extranet,"[{'type': 'Network', 'overridable': False, 'id': '005056A1-C63D-0ed3-0000-008589957964', 'name': 'obj-172.31.254.152'}]",obj-10.6.3.9,1
005056A1-C63D-0ed3-0000-008590048315,extranet,"[{'type': 'Host', 'overridable': False, 'id': '005056A1-C63D-0ed3-0000-008589951929', 'name': 'OBJ-192.168.5.103'}]",obj-10.6.3.9,1
005056A1-C63D-0ed3-0000-008590048099,extranet,"[{'type': 'Network', 'overridable': False, 'id': '005056A1-C63D-0ed3-0000-008589957629', 'name': 'obj-10.6.137.0'}]",obj-10.6.3.9,1
005056A1-C63D-0ed3-0000-008590048086,extranet,"[{'type': 'Network', 'overridable': False, 'id': '005056A1-C63D-0ed3-0000-008589957616', 'name': 'obj-10.6.100.48'}]",obj-10.6.3.9,1
005056A1-C63D-0ed3-0000-008590048094,extranet,"[{'type': 'Network', 'overridable': False, 'id': '005056A1-C63D-0ed3-0000-008589957624', 'name': 'obj-10.6.122.240'}]",obj-10.6.3.9,1
005056A1-C63D-0ed3-0000-008590048268,extranet,"[{'type': 'Host', 'overridable': False, 'id': '005056A1-C63D-0ed3-0000-008589956574', 'name': 'obj-129.39.167.224'}]",obj-10.6.3.9,1
005056A1-C63D-0ed3-0000-008590048037,extranet,"[{'type': 'Host', 'overridable': False, 'id': '005056A1-C63D-0ed3-0000-008589956382', 'name': 'obj-10.6.3.46'}]",obj-10.6.3.9,1
005056A1-C63D-0ed3-0000-008590048075,extranet,"[{'type': 'Network', 'overridable': False, 'id': '005056A1-C63D-0ed3-0000-008589957605', 'name': 'obj-10.6.46.0'}]",obj-10.6.3.15,1
005056A1-C63D-0ed3-0000-008590048213,extranet,"[{'type': 'Host', 'overridable': False, 'id': '005056A1-C63D-0ed3-0000-008589955059', 'name': 'OBJ-10.70.224.2'}]",obj-10.6.3.17,1
005056A1-C63D-0ed3-0000-008590047991,inside,"[{'type': 'Network', 'overridable': False, 'id': '005056A1-C63D-0ed3-0000-008589957438', 'name': 'obj-10.5.12.0'}]",obj-10.5.100.1,1
005056A1-C63D-0ed3-0000-008590048076,extranet,"[{'type': 'Network', 'overridable': False, 'id': '005056A1-C63D-0ed3-0000-008589957606', 'name': 'obj-10.6.47.0'}]",obj-10.6.3.70,1
005056A1-C63D-0ed3-0000-008590048187,extranet,"[{'type': 'Network', 'overridable': False, 'id': '005056A1-C63D-0ed3-0000-008589957795', 'name': 'obj-10.7.252.2'}]",obj-10.6.3.253,1
005056A1-C63D-0ed3-0000-008590048382,extranet,"[{'type': 'Network', 'overridable': False, 'id': '005056A1-C63D-0ed3-0000-008589958268', 'name': 'obj-192.168.74.40'}]",obj-10.6.3.13,1
005056A1-C63D-0ed3-0000-008590048110,extranet,"[{'type': 'Network', 'overridable': False, 'id': '005056A1-C63D-0ed3-0000-008589957754', 'name': 'obj-10.6.160.0'}]",obj-10.6.3.7,1
005056A1-C63D-0ed3-0000-008590048304,extranet,"[{'type': 'Network', 'overridable': False, 'id': '005056A1-C63D-0ed3-0000-008589957966', 'name': 'obj-192.152.41.0'}]",obj-10.6.3.7,1
005056A1-C63D-0ed3-0000-008590048412,extranet,"[{'type': 'Host', 'overridable': False, 'id': '005056A1-C63D-0ed3-0000-008589956719', 'name': 'obj-192.168.142.2'}]",obj-10.6.3.9,1
005056A1-C63D-0ed3-0000-008590048331,ipsec,"[{'type': 'Network', 'overridable': False, 'id': '005056A1-C63D-0ed3-0000-008589958102', 'name': 'obj-192.168.23.0'}]",obj-10.5.108.15,1
005056A1-C63D-0ed3-0000-008590048285,extranet,"[{'type': 'Network', 'overridable': False, 'id': '005056A1-C63D-0ed3-0000-008589957953', 'name': 'obj-172.17.160.0'}]",obj-10.6.3.9,1
005056A1-C63D-0ed3-0000-008590048158,extranet,"[{'type': 'Host', 'overridable': False, 'id': '005056A1-C63D-0ed3-0000-008589956409', 'name': 'obj-10.6.250.91'}]",obj-10.6.3.9,1
005056A1-C63D-0ed3-0000-008590047984,extranet,"[{'type': 'Host', 'overridable': False, 'id': '005056A1-C63D-0ed3-0000-008589956239', 'name': 'obj-10.0.17.142'}]",obj-10.6.3.9,1
005056A1-C63D-0ed3-0000-008590048433,extranet,"[{'type': 'Host', 'overridable': False, 'id': '005056A1-C63D-0ed3-0000-008589956736', 'name': 'obj-192.168.166.2'}]",obj-10.6.3.9,1
005056A1-C63D-0ed3-0000-008590048344,ipsec,"[{'type': 'Network', 'overridable': False, 'id': '005056A1-C63D-0ed3-0000-008589958115', 'name': 'obj-192.168.36.0'}]",obj-10.5.108.15,1
005056A1-C63D-0ed3-0000-008590048271,extranet,"[{'type': 'Host', 'overridable': False, 'id': '005056A1-C63D-0ed3-0000-008589951940', 'name': 'OBJ-148.171.221.241'}]",obj-10.6.3.16,1
005056A1-C63D-0ed3-0000-008590048289,extranet,"[{'type': 'Host', 'overridable': False, 'id': '005056A1-C63D-0ed3-0000-008589956581', 'name': 'obj-172.20.120.2'}]",obj-10.6.3.9,1
005056A1-C63D-0ed3-0000-008590048100,extranet,"[{'type': 'Network', 'overridable': False, 'id': '005056A1-C63D-0ed3-0000-008589957630', 'name': 'obj-10.6.139.0'}]",obj-10.6.3.9,1
005056A1-C63D-0ed3-0000-008590048346,ipsec,"[{'type': 'Network', 'overridable': False, 'id': '005056A1-C63D-0ed3-0000-008589958117', 'name': 'obj-192.168.38.0'}]",obj-10.5.108.15,1
005056A1-C63D-0ed3-0000-008590048376,extranet,"[{'type': 'Network', 'overridable': False, 'id': '005056A1-C63D-0ed3-0000-008589958262', 'name': 'obj-192.168.73.128'}]",obj-10.6.3.13,1
005056A1-C63D-0ed3-0000-008590048138,extranet,"[{'type': 'Network', 'overridable': False, 'id': '005056A1-C63D-0ed3-0000-008589957778', 'name': 'obj-10.6.196.0'}]",obj-10.6.3.9,1
005056A1-C63D-0ed3-0000-008590048124,extranet,"[{'type': 'Network', 'overridable': False, 'id': '005056A1-C63D-0ed3-0000-008589957766', 'name': 'obj-10.6.174.80'}]",obj-10.6.3.9,1
005056A1-C63D-0ed3-0000-008590048198,ipsec,"[{'type': 'Network', 'overridable': False, 'id': '005056A1-C63D-0ed3-0000-008589957920', 'name': 'obj-10.8.193.0'}]",obj-10.5.108.34,1
005056A1-C63D-0ed3-0000-008590048295,inside,"[{'type': 'Network', 'overridable': False, 'id': '005056A1-C63D-0ed3-0000-008589957961', 'name': 'obj-172.24.0.0'}]",obj-10.5.100.1,1
005056A1-C63D-0ed3-0000-008590048221,extranet,"[{'type': 'Host', 'overridable': False, 'id': '005056A1-C63D-0ed3-0000-008589955058', 'name': 'OBJ-10.70.232.25'}]",obj-10.6.3.17,1
005056A1-C63D-0ed3-0000-038655456763,ipsec,"[{'type': 'Network', 'overridable': False, 'id': '005056A1-C63D-0ed3-0000-038655456740', 'name': 'NET-172.20.176.0_24'}]",N/A,1
005056A1-C63D-0ed3-0000-008590048418,extranet,"[{'type': 'Host', 'overridable': False, 'id': '005056A1-C63D-0ed3-0000-008589956725', 'name': 'obj-192.168.149.2'}]",obj-10.6.3.9,1
005056A1-C63D-0ed3-0000-008590048056,extranet,"[{'type': 'Network', 'overridable': False, 'id': '005056A1-C63D-0ed3-0000-008589957473', 'name': 'obj-10.6.18.0'}]",obj-10.6.3.9,1
005056A1-C63D-0ed3-0000-008590048024,extranet,"[{'type': 'Network', 'overridable': False, 'id': '005056A1-C63D-0ed3-0000-008589957461', 'name': 'obj-10.6.0.180'}]",obj-10.6.3.70,1
005056A1-C63D-0ed3-0000-008590048043,extranet,"[{'type': 'Host', 'overridable': False, 'id': '005056A1-C63D-0ed3-0000-008589956387', 'name': 'obj-10.6.3.57'}]",obj-10.6.3.9,1
005056A1-C63D-0ed3-0000-008590048074,extranet,"[{'type': 'Network', 'overridable': False, 'id': '005056A1-C63D-0ed3-0000-008589957604', 'name': 'obj-10.6.45.0'}]",obj-10.6.3.15,1
005056A1-C63D-0ed3-0000-008590048434,extranet,"[{'type': 'Network', 'overridable': False, 'id': '005056A1-C63D-0ed3-0000-008589958283', 'name': 'obj-192.168.168.0'}]",obj-10.6.3.13,1
005056A1-C63D-0ed3-0000-008590048419,extranet,"[{'type': 'Host', 'overridable': False, 'id': '005056A1-C63D-0ed3-0000-008589956726', 'name': 'obj-192.168.150.2'}]",obj-10.6.3.9,1
005056A1-C63D-0ed3-0000-008590048374,extranet,"[{'type': 'Network', 'overridable': False, 'id': '005056A1-C63D-0ed3-0000-008589958260', 'name': 'obj-192.168.73.0'}]",obj-10.6.3.13,1
005056A1-C63D-0ed3-0000-008590048096,extranet,"[{'type': 'Network', 'overridable': False, 'id': '005056A1-C63D-0ed3-0000-008589957626', 'name': 'obj-10.6.131.0'}]",obj-10.6.3.9,1
005056A1-C63D-0ed3-0000-008590048021,extranet,"[{'type': 'Network', 'overridable': False, 'id': '005056A1-C63D-0ed3-0000-008589957460', 'name': 'obj-10.6.0.132'}]",obj-10.6.3.9,1
005056A1-C63D-0ed3-0000-008590048415,extranet,"[{'type': 'Host', 'overridable': False, 'id': '005056A1-C63D-0ed3-0000-008589956722', 'name': 'obj-192.168.145.2'}]",obj-10.6.3.9,1
005056A1-C63D-0ed3-0000-008590048359,extranet,"[{'type': 'Network', 'overridable': False, 'id': '005056A1-C63D-0ed3-0000-008589958130', 'name': 'obj-192.168.66.0'}]",obj-10.6.3.13,1
005056A1-C63D-0ed3-0000-008590048163,extranet,"[{'type': 'Host', 'overridable': False, 'id': '005056A1-C63D-0ed3-0000-008589956414', 'name': 'obj-10.6.252.10'}]",obj-10.6.3.7,1
005056A1-C63D-0ed3-0000-008590048040,extranet,"[{'type': 'Host', 'overridable': False, 'id': '005056A1-C63D-0ed3-0000-008589956384', 'name': 'obj-10.6.3.51'}]",obj-10.6.3.9,1
005056A1-C63D-0ed3-0000-008590048406,ipsec,"[{'type': 'Network', 'overridable': False, 'id': '005056A1-C63D-0ed3-0000-008589958277', 'name': 'obj-192.168.114.0'}]",obj-10.5.108.15,1
005056A1-C63D-0ed3-0000-008590048230,inside,"[{'type': 'Network', 'overridable': False, 'id': '005056A1-C63D-0ed3-0000-008589957929', 'name': 'obj-10.100.0.0'}]",obj-10.5.100.1,1
005056A1-C63D-0ed3-0000-008590048265,outside,"[{'type': 'Host', 'overridable': False, 'id': '005056A1-C63D-0ed3-0000-008589956572', 'name': 'obj-69.191.192.26'}]",obj-200.1.118.1,1
005056A1-C63D-0ed3-0000-008590048161,extranet,"[{'type': 'Host', 'overridable': False, 'id': '005056A1-C63D-0ed3-0000-008589956412', 'name': 'obj-10.6.250.95'}]",obj-10.6.3.9,1
005056A1-C63D-0ed3-0000-008590048451,outside,"[{'type': 'Network', 'overridable': False, 'id': '005056A1-C63D-0ed3-0000-008589958289', 'name': 'obj-208.134.161.0'}]",obj-200.1.118.71,1
005056A1-C63D-0ed3-0000-008590048115,extranet,"[{'type': 'Network', 'overridable': False, 'id': '005056A1-C63D-0ed3-0000-008589957759', 'name': 'obj-10.6.172.0'}]",obj-10.6.3.9,1
005056A1-C63D-0ed3-0000-008590048234,outside,"[{'type': 'Host', 'overridable': False, 'id': '005056A1-C63D-0ed3-0000-008589956563', 'name': 'obj-10.169.172.110'}]",obj-200.1.118.2,1
005056A1-C63D-0ed3-0000-008590048144,extranet,"[{'type': 'Network', 'overridable': False, 'id': '005056A1-C63D-0ed3-0000-008589957784', 'name': 'obj-10.6.214.0'}]",obj-10.6.3.9,1
005056A1-C63D-0ed3-0000-008590048049,extranet,"[{'type': 'Network', 'overridable': False, 'id': '005056A1-C63D-0ed3-0000-008589957466', 'name': 'obj-10.6.6.0'}]",obj-10.6.3.9,1
005056A1-C63D-0ed3-0000-008590048379,extranet,"[{'type': 'Network', 'overridable': False, 'id': '005056A1-C63D-0ed3-0000-008589958265', 'name': 'obj-192.168.74.16'}]",obj-10.6.3.13,1
005056A1-C63D-0ed3-0000-008590048177,extranet,"[{'type': 'Host', 'overridable': False, 'id': '005056A1-C63D-0ed3-0000-008589956544', 'name': 'obj-10.6.252.84'}]",obj-10.6.3.16,1
005056A1-C63D-0ed3-0000-008590048088,extranet,"[{'type': 'Network', 'overridable': False, 'id': '005056A1-C63D-0ed3-0000-008589957618', 'name': 'obj-10.6.100.80'}]",obj-10.6.3.9,1
005056A1-C63D-0ed3-0000-008590048063,extranet,"[{'type': 'Network', 'overridable': False, 'id': '005056A1-C63D-0ed3-0000-008589957595', 'name': 'obj-10.6.27.0'}]",obj-10.6.3.9,1
005056A1-C63D-0ed3-0000-008590048178,extranet,"[{'type': 'Network', 'overridable': False, 'id': '005056A1-C63D-0ed3-0000-008589957791', 'name': 'obj-10.6.253.0'}]",obj-10.6.3.7,1
005056A1-C63D-0ed3-0000-008590048028,extranet,"[{'type': 'Host', 'overridable': False, 'id': '005056A1-C63D-0ed3-0000-008589956258', 'name': 'obj-10.6.3.31'}]",obj-10.6.3.9,1
005056A1-C63D-0ed3-0000-008590048231,extranet,"[{'type': 'Host', 'overridable': False, 'id': '005056A1-C63D-0ed3-0000-008589951931', 'name': 'OBJ-10.100.6.128'}]",obj-10.6.3.9,1
005056A1-C63D-0ed3-0000-008590048170,extranet,"[{'type': 'Host', 'overridable': False, 'id': '005056A1-C63D-0ed3-0000-008589956422', 'name': 'obj-10.6.252.61'}]",obj-10.6.3.9,1
005056A1-C63D-0ed3-0000-008590048223,extranet,"[{'type': 'Host', 'overridable': False, 'id': '005056A1-C63D-0ed3-0000-008589955063', 'name': 'OBJ-10.70.236.113'}]",obj-10.6.3.36,1
005056A1-C63D-0ed3-0000-008590048150,extranet,"[{'type': 'Network', 'overridable': False, 'id': '005056A1-C63D-0ed3-0000-008589957790', 'name': 'obj-10.6.249.56'}]",obj-10.6.3.36,1
005056A1-C63D-0ed3-0000-008590048192,ipsec,"[{'type': 'Network', 'overridable': False, 'id': '005056A1-C63D-0ed3-0000-008589957799', 'name': 'obj-10.8.48.0'}]",obj-10.5.108.32,1
005056A1-C63D-0ed3-0000-008590048007,extranet,"[{'type': 'Host', 'overridable': False, 'id': '005056A1-C63D-0ed3-0000-008589956249', 'name': 'obj-10.6.0.8'}]",obj-10.6.3.9,1
005056A1-C63D-0ed3-0000-008590048162,extranet,"[{'type': 'Host', 'overridable': False, 'id': '005056A1-C63D-0ed3-0000-008589956413', 'name': 'obj-10.6.252.6'}]",obj-10.6.3.9,1
005056A1-C63D-0ed3-0000-008590048179,extranet,"[{'type': 'Network', 'overridable': False, 'id': '005056A1-C63D-0ed3-0000-008589957792', 'name': 'obj-10.7.0.0'}]",obj-10.6.3.9,1
005056A1-C63D-0ed3-0000-008590048141,extranet,"[{'type': 'Network', 'overridable': False, 'id': '005056A1-C63D-0ed3-0000-008589957781', 'name': 'obj-10.6.202.248'}]",obj-10.6.3.9,1
005056A1-C63D-0ed3-0000-008590048448,extranet,"[{'type': 'Host', 'overridable': False, 'id': '005056A1-C63D-0ed3-0000-008589956747', 'name': 'obj-200.51.86.102'}]",obj-10.6.3.70,1
005056A1-C63D-0ed3-0000-008590048039,extranet,"[{'type': 'Host', 'overridable': False, 'id': '005056A1-C63D-0ed3-0000-008589956383', 'name': 'obj-10.6.3.50'}]",obj-10.6.3.9,1
005056A1-C63D-0ed3-0000-008590048371,extranet,"[{'type': 'Network', 'overridable': False, 'id': '005056A1-C63D-0ed3-0000-008589958257', 'name': 'obj-192.168.72.64'}]",obj-10.6.3.13,1
005056A1-C63D-0ed3-0000-008590048356,ipsec,"[{'type': 'Network', 'overridable': False, 'id': '005056A1-C63D-0ed3-0000-008589958127', 'name': 'obj-192.168.50.0'}]",obj-10.5.108.15,1
005056A1-C63D-0ed3-0000-008590048135,extranet,"[{'type': 'Network', 'overridable': False, 'id': '005056A1-C63D-0ed3-0000-008589957776', 'name': 'obj-10.6.194.0'}]",obj-10.6.3.7,1
005056A1-C63D-0ed3-0000-008590048078,extranet,"[{'type': 'Network', 'overridable': False, 'id': '005056A1-C63D-0ed3-0000-008589957608', 'name': 'obj-10.6.55.0'}]",obj-10.6.3.15,1
005056A1-C63D-0ed3-0000-008590048335,ipsec,"[{'type': 'Network', 'overridable': False, 'id': '005056A1-C63D-0ed3-0000-008589958106', 'name': 'obj-192.168.27.0'}]",obj-10.5.108.15,1
005056A1-C63D-0ed3-0000-008590048166,extranet,"[{'type': 'Host', 'overridable': False, 'id': '005056A1-C63D-0ed3-0000-008589956418', 'name': 'obj-10.6.252.22'}]",obj-10.6.3.9,1
005056A1-C63D-0ed3-0000-008590048047,extranet,"[{'type': 'Host', 'overridable': False, 'id': '005056A1-C63D-0ed3-0000-008589956391', 'name': 'obj-10.6.3.133'}]",obj-10.6.3.9,1
005056A1-C63D-0ed3-0000-008590048211,extranet,"[{'type': 'Network', 'overridable': False, 'id': '005056A1-C63D-0ed3-0000-008589957928', 'name': 'obj-10.65.0.0'}]",obj-10.6.3.9,1
005056A1-C63D-0ed3-0000-008590048420,extranet,"[{'type': 'Host', 'overridable': False, 'id': '005056A1-C63D-0ed3-0000-008589956727', 'name': 'obj-192.168.151.2'}]",obj-10.6.3.9,1
005056A1-C63D-0ed3-0000-008590048050,extranet,"[{'type': 'Network', 'overridable': False, 'id': '005056A1-C63D-0ed3-0000-008589957467', 'name': 'obj-10.6.8.0'}]",obj-10.6.3.9,1
005056A1-C63D-0ed3-0000-008590048197,ipsec,"[{'type': 'Network', 'overridable': False, 'id': '005056A1-C63D-0ed3-0000-008589957919', 'name': 'obj-10.8.192.0'}]",obj-10.5.108.33,1
005056A1-C63D-0ed3-0000-008590048395,extranet,"[{'type': 'Host', 'overridable': False, 'id': '005056A1-C63D-0ed3-0000-008589956707', 'name': 'obj-192.168.95.214'}]",obj-10.6.3.17,1
005056A1-C63D-0ed3-0000-008590048201,extranet,"[{'type': 'Host', 'overridable': False, 'id': '005056A1-C63D-0ed3-0000-008589953750', 'name': 'OBJ-10.10.252.36'}]",obj-10.6.3.9,1
005056A1-C63D-0ed3-0000-008590048059,extranet,"[{'type': 'Network', 'overridable': False, 'id': '005056A1-C63D-0ed3-0000-008589957591', 'name': 'obj-10.6.20.0'}]",obj-10.6.3.9,1
005056A1-C63D-0ed3-0000-008590048140,extranet,"[{'type': 'Network', 'overridable': False, 'id': '005056A1-C63D-0ed3-0000-008589957780', 'name': 'obj-10.6.202.232'}]",obj-10.6.3.9,1
005056A1-C63D-0ed3-0000-008590048336,ipsec,"[{'type': 'Network', 'overridable': False, 'id': '005056A1-C63D-0ed3-0000-008589958107', 'name': 'obj-192.168.28.0'}]",obj-10.5.108.15,1
005056A1-C63D-0ed3-0000-008590048354,ipsec,"[{'type': 'Network', 'overridable': False, 'id': '005056A1-C63D-0ed3-0000-008589958125', 'name': 'obj-192.168.46.0'}]",obj-10.5.108.15,1
005056A1-C63D-0ed3-0000-008590048337,ipsec,"[{'type': 'Network', 'overridable': False, 'id': '005056A1-C63D-0ed3-0000-008589958108', 'name': 'obj-192.168.29.0'}]",obj-10.5.108.15,1
005056A1-C63D-0ed3-0000-008590048410,extranet,"[{'type': 'Host', 'overridable': False, 'id': '005056A1-C63D-0ed3-0000-008589956717', 'name': 'obj-192.168.140.2'}]",obj-10.6.3.36,1
005056A1-C63D-0ed3-0000-008590048143,extranet,"[{'type': 'Network', 'overridable': False, 'id': '005056A1-C63D-0ed3-0000-008589957783', 'name': 'obj-10.6.212.0'}]",obj-10.6.3.9,1
005056A1-C63D-0ed3-0000-008590048426,extranet,"[{'type': 'Network', 'overridable': False, 'id': '005056A1-C63D-0ed3-0000-008589958279', 'name': 'obj-192.168.157.0'}]",obj-10.6.3.9,1
005056A1-C63D-0ed3-0000-008590048250,extranet,"[{'type': 'Host', 'overridable': False, 'id': '005056A1-C63D-0ed3-0000-008589951934', 'name': 'OBJ-20.43.180.234'}]",obj-10.6.3.9,1
005056A1-C63D-0ed3-0000-008590048431,extranet,"[{'type': 'Host', 'overridable': False, 'id': '005056A1-C63D-0ed3-0000-008589956734', 'name': 'obj-192.168.164.2'}]",obj-10.6.3.9,1
005056A1-C63D-0ed3-0000-008590048108,extranet,"[{'type': 'Network', 'overridable': False, 'id': '005056A1-C63D-0ed3-0000-008589957262', 'name': 'OBJ-10.6.152.128'}]",obj-10.6.3.9,1
005056A1-C63D-0ed3-0000-008590048133,extranet,"[{'type': 'Network', 'overridable': False, 'id': '005056A1-C63D-0ed3-0000-008589957774', 'name': 'obj-10.6.192.0'}]",obj-10.6.3.9,1
005056A1-C63D-0ed3-0000-008590048057,extranet,"[{'type': 'Network', 'overridable': False, 'id': '005056A1-C63D-0ed3-0000-008589957589', 'name': 'obj-10.6.19.0'}]",obj-10.6.3.9,1
005056A1-C63D-0ed3-0000-008590048199,extranet,"[{'type': 'Network', 'overridable': False, 'id': '005056A1-C63D-0ed3-0000-008589957921', 'name': 'obj-10.10.128.0'}]",obj-10.6.3.9,1
005056A1-C63D-0ed3-0000-008590048261,outside,"[{'type': 'Host', 'overridable': False, 'id': '005056A1-C63D-0ed3-0000-008589956568', 'name': 'obj-69.191.192.21'}]",obj-200.1.118.1,1
005056A1-C63D-0ed3-0000-008590048362,extranet,"[{'type': 'Network', 'overridable': False, 'id': '005056A1-C63D-0ed3-0000-008589958133', 'name': 'obj-192.168.69.0'}]",obj-10.6.3.13,1
005056A1-C63D-0ed3-0000-008590048032,extranet,"[{'type': 'Host', 'overridable': False, 'id': '005056A1-C63D-0ed3-0000-008589956377', 'name': 'obj-10.6.3.40'}]",obj-10.6.3.9,1
005056A1-C63D-0ed3-0000-008590048302,extranet,"[{'type': 'Host', 'overridable': False, 'id': '005056A1-C63D-0ed3-0000-008589956584', 'name': 'obj-190.210.59.133'}]",obj-10.6.3.9,1
005056A1-C63D-0ed3-0000-008590048068,extranet,"[{'type': 'Network', 'overridable': False, 'id': '005056A1-C63D-0ed3-0000-008589957600', 'name': 'obj-10.6.36.0'}]",obj-10.6.3.9,1
005056A1-C63D-0ed3-0000-008590048132,extranet,"[{'type': 'Network', 'overridable': False, 'id': '005056A1-C63D-0ed3-0000-008589957773', 'name': 'obj-10.6.180.0'}]",obj-10.6.3.9,1
005056A1-C63D-0ed3-0000-008590048168,extranet,"[{'type': 'Host', 'overridable': False, 'id': '005056A1-C63D-0ed3-0000-008589956420', 'name': 'obj-10.6.252.59'}]",obj-10.6.3.9,1
005056A1-C63D-0ed3-0000-008590048298,extranet,"[{'type': 'Network', 'overridable': False, 'id': '005056A1-C63D-0ed3-0000-008589957963', 'name': 'obj-172.30.0.0'}]",obj-10.6.3.9,1
005056A1-C63D-0ed3-0000-008590048375,extranet,"[{'type': 'Network', 'overridable': False, 'id': '005056A1-C63D-0ed3-0000-008589958261', 'name': 'obj-192.168.73.32'}]",obj-10.6.3.13,1
005056A1-C63D-0ed3-0000-008590048154,extranet,"[{'type': 'Host', 'overridable': False, 'id': '005056A1-C63D-0ed3-0000-008589956405', 'name': 'obj-10.6.250.7'}]",obj-10.6.3.7,1
005056A1-C63D-0ed3-0000-008590047993,inside,"[{'type': 'Network', 'overridable': False, 'id': '005056A1-C63D-0ed3-0000-008589957440', 'name': 'obj-10.5.38.0'}]",obj-10.5.100.1,1
005056A1-C63D-0ed3-0000-008590048215,extranet,"[{'type': 'Host', 'overridable': False, 'id': '005056A1-C63D-0ed3-0000-008589955060', 'name': 'OBJ-10.70.224.30'}]",obj-10.6.3.17,1
005056A1-C63D-0ed3-0000-008590048119,extranet,"[{'type': 'Network', 'overridable': False, 'id': '005056A1-C63D-0ed3-0000-008589957762', 'name': 'obj-10.6.174.36'}]",obj-10.6.3.9,1
005056A1-C63D-0ed3-0000-008590048200,extranet,"[{'type': 'Host', 'overridable': False, 'id': '005056A1-C63D-0ed3-0000-008589956555', 'name': 'obj-10.10.250.36'}]",obj-10.6.3.9,1
005056A1-C63D-0ed3-0000-008590048017,extranet,"[{'type': 'Network', 'overridable': False, 'id': '005056A1-C63D-0ed3-0000-008589957457', 'name': 'obj-10.6.0.84'}]",obj-10.6.3.9,1
005056A1-C63D-0ed3-0000-008590048102,extranet,"[{'type': 'Network', 'overridable': False, 'id': '005056A1-C63D-0ed3-0000-008589957632', 'name': 'obj-10.6.144.0'}]",obj-10.6.3.9,1
005056A1-C63D-0ed3-0000-008590048408,outside,"[{'type': 'Network', 'overridable': False, 'id': '005056A1-C63D-0ed3-0000-008589958278', 'name': 'obj-192.168.127.0'}]",obj-200.1.118.6,1
005056A1-C63D-0ed3-0000-008590048294,inside,"[{'type': 'Network', 'overridable': False, 'id': '005056A1-C63D-0ed3-0000-008589957960', 'name': 'obj-172.23.0.0'}]",obj-10.5.100.1,1
005056A1-C63D-0ed3-0000-008590048297,extranet,"[{'type': 'Host', 'overridable': False, 'id': '005056A1-C63D-0ed3-0000-008589956583', 'name': 'obj-172.28.0.78'}]",obj-10.6.3.9,1
005056A1-C63D-0ed3-0000-008590048428,extranet,"[{'type': 'Network', 'overridable': False, 'id': '005056A1-C63D-0ed3-0000-008589958281', 'name': 'obj-192.168.159.0'}]",obj-10.6.3.9,1
005056A1-C63D-0ed3-0000-008590048275,extranet,"[{'type': 'Host', 'overridable': False, 'id': '005056A1-C63D-0ed3-0000-008589956579', 'name': 'obj-154.0.241.7'}]",obj-10.6.3.9,1
005056A1-C63D-0ed3-0000-008590048361,extranet,"[{'type': 'Network', 'overridable': False, 'id': '005056A1-C63D-0ed3-0000-008589958132', 'name': 'obj-192.168.68.0'}]",obj-10.6.3.13,1
005056A1-C63D-0ed3-0000-008590048070,inside,"[{'type': 'Host', 'overridable': False, 'id': '005056A1-C63D-0ed3-0000-008589956394', 'name': 'obj-10.6.40.100'}]",obj-10.5.100.1,1
005056A1-C63D-0ed3-0000-008590048188,inside,"[{'type': 'Network', 'overridable': False, 'id': '005056A1-C63D-0ed3-0000-008589957796', 'name': 'obj-10.8.0.0'}]",obj-10.5.100.1,1
005056A1-C63D-0ed3-0000-008590048388,extranet,"[{'type': 'Network', 'overridable': False, 'id': '005056A1-C63D-0ed3-0000-008589958274', 'name': 'obj-192.168.74.112'}]",obj-10.6.3.13,1
005056A1-C63D-0ed3-0000-008590048191,ipsec,"[{'type': 'Network', 'overridable': False, 'id': '005056A1-C63D-0ed3-0000-008589957798', 'name': 'obj-10.8.32.0'}]",obj-10.5.108.31,1
005056A1-C63D-0ed3-0000-008590048095,extranet,"[{'type': 'Network', 'overridable': False, 'id': '005056A1-C63D-0ed3-0000-008589957625', 'name': 'obj-10.6.130.0'}]",obj-10.6.3.9,1
005056A1-C63D-0ed3-0000-008590048004,extranet,"[{'type': 'Host', 'overridable': False, 'id': '005056A1-C63D-0ed3-0000-008589956246', 'name': 'obj-10.6.0.2'}]",obj-10.6.3.9,1
005056A1-C63D-0ed3-0000-008590048145,extranet,"[{'type': 'Network', 'overridable': False, 'id': '005056A1-C63D-0ed3-0000-008589957785', 'name': 'obj-10.6.215.0'}]",obj-10.6.3.9,1
005056A1-C63D-0ed3-0000-008590047990,inside,"[{'type': 'Network', 'overridable': False, 'id': '005056A1-C63D-0ed3-0000-008589957437', 'name': 'obj-10.5.0.0'}]",obj-10.5.100.1,1
005056A1-C63D-0ed3-0000-008590048403,extranet,"[{'type': 'Host', 'overridable': False, 'id': '005056A1-C63D-0ed3-0000-008589956711', 'name': 'obj-192.168.107.171'}]",obj-10.6.3.9,1
005056A1-C63D-0ed3-0000-008590048046,extranet,"[{'type': 'Host', 'overridable': False, 'id': '005056A1-C63D-0ed3-0000-008589956390', 'name': 'obj-10.6.3.132'}]",obj-10.6.3.9,1
005056A1-C63D-0ed3-0000-008590048317,ipsec,"[{'type': 'Network', 'overridable': False, 'id': '005056A1-C63D-0ed3-0000-008589958089', 'name': 'obj-192.168.6.0'}]",obj-10.5.108.15,1
005056A1-C63D-0ed3-0000-008590048196,ipsec,"[{'type': 'Network', 'overridable': False, 'id': '005056A1-C63D-0ed3-0000-008589957803', 'name': 'obj-10.8.160.0'}]",obj-10.5.108.34,1
005056A1-C63D-0ed3-0000-008590048137,extranet,"[{'type': 'Network', 'overridable': False, 'id': '005056A1-C63D-0ed3-0000-008589957777', 'name': 'obj-10.6.195.0'}]",obj-10.6.3.9,1
005056A1-C63D-0ed3-0000-008590048398,extranet,"[{'type': 'Host', 'overridable': False, 'id': '005056A1-C63D-0ed3-0000-008589951804', 'name': 'OBJ-192.168.95.253'}]",obj-10.6.3.36,1
005056A1-C63D-0ed3-0000-008590048377,extranet,"[{'type': 'Network', 'overridable': False, 'id': '005056A1-C63D-0ed3-0000-008589958263', 'name': 'obj-192.168.74.0'}]",obj-10.6.3.13,1
005056A1-C63D-0ed3-0000-008590048404,extranet,"[{'type': 'Host', 'overridable': False, 'id': '005056A1-C63D-0ed3-0000-008589956712', 'name': 'obj-192.168.110.204'}]",obj-10.6.3.9,1
005056A1-C63D-0ed3-0000-008590048447,extranet,"[{'type': 'Host', 'overridable': False, 'id': '005056A1-C63D-0ed3-0000-008589956746', 'name': 'obj-200.1.118.72'}]",obj-10.6.3.9,1
005056A1-C63D-0ed3-0000-008590048081,extranet,"[{'type': 'Network', 'overridable': False, 'id': '005056A1-C63D-0ed3-0000-008589957611', 'name': 'obj-10.6.96.0'}]",obj-10.6.3.9,1
005056A1-C63D-0ed3-0000-008590048091,extranet,"[{'type': 'Network', 'overridable': False, 'id': '005056A1-C63D-0ed3-0000-008589957621', 'name': 'obj-10.6.100.128'}]",obj-10.6.3.9,1
005056A1-C63D-0ed3-0000-008590048263,outside,"[{'type': 'Host', 'overridable': False, 'id': '005056A1-C63D-0ed3-0000-008589956570', 'name': 'obj-69.191.192.24'}]",obj-200.1.118.1,1
005056A1-C63D-0ed3-0000-008590048232,inside,"[{'type': 'Network', 'overridable': False, 'id': '005056A1-C63D-0ed3-0000-008589957930', 'name': 'obj-10.128.0.0'}]",obj-10.5.100.1,1
005056A1-C63D-0ed3-0000-008590048355,ipsec,"[{'type': 'Network', 'overridable': False, 'id': '005056A1-C63D-0ed3-0000-008589958126', 'name': 'obj-192.168.48.05'}]",obj-10.5.108.15,1
005056A1-C63D-0ed3-0000-008590048334,ipsec,"[{'type': 'Network', 'overridable': False, 'id': '005056A1-C63D-0ed3-0000-008589958105', 'name': 'obj-192.168.26.0'}]",obj-10.5.108.15,1
005056A1-C63D-0ed3-0000-008590048411,extranet,"[{'type': 'Host', 'overridable': False, 'id': '005056A1-C63D-0ed3-0000-008589956718', 'name': 'obj-192.168.141.2'}]",obj-10.6.3.9,1
005056A1-C63D-0ed3-0000-008590048384,extranet,"[{'type': 'Network', 'overridable': False, 'id': '005056A1-C63D-0ed3-0000-008589958270', 'name': 'obj-192.168.74.56'}]",obj-10.6.3.13,1
005056A1-C63D-0ed3-0000-008590048113,extranet,"[{'type': 'Network', 'overridable': False, 'id': '005056A1-C63D-0ed3-0000-008589957757', 'name': 'obj-10.6.166.32'}]",obj-10.6.3.9,1
005056A1-C63D-0ed3-0000-008590048274,extranet,"[{'type': 'Host', 'overridable': False, 'id': '005056A1-C63D-0ed3-0000-008589956578', 'name': 'obj-154.0.241.6'}]",obj-10.6.3.9,1
005056A1-C63D-0ed3-0000-008590048399,extranet,"[{'type': 'Host', 'overridable': False, 'id': '005056A1-C63D-0ed3-0000-008589956708', 'name': 'obj-192.168.96.8'}]",obj-10.6.3.16,1
005056A1-C63D-0ed3-0000-008590048116,extranet,"[{'type': 'Network', 'overridable': False, 'id': '005056A1-C63D-0ed3-0000-008589957760', 'name': 'obj-10.6.173.0'}]",obj-10.6.3.9,1
005056A1-C63D-0ed3-0000-008590048175,extranet,"[{'type': 'Host', 'overridable': False, 'id': '005056A1-C63D-0ed3-0000-008589956542', 'name': 'obj-10.6.252.79'}]",obj-10.6.3.9,1
005056A1-C63D-0ed3-0000-008590048098,extranet,"[{'type': 'Network', 'overridable': False, 'id': '005056A1-C63D-0ed3-0000-008589957628', 'name': 'obj-10.6.136.0'}]",obj-10.6.3.9,1
005056A1-C63D-0ed3-0000-008590048311,ipsec,"[{'type': 'Network', 'overridable': False, 'id': '005056A1-C63D-0ed3-0000-008589958087', 'name': 'obj-192.168.4.0'}]",obj-10.5.108.15,1
005056A1-C63D-0ed3-0000-008590048005,extranet,"[{'type': 'Host', 'overridable': False, 'id': '005056A1-C63D-0ed3-0000-008589956247', 'name': 'obj-10.6.0.4'}]",obj-10.6.3.9,1
005056A1-C63D-0ed3-0000-008590048225,ipsec,"[{'type': 'Host', 'overridable': False, 'id': '005056A1-C63D-0ed3-0000-008589953423', 'name': 'OBJ-10.77.252.1'}]",OBJ-10.5.108.5,1
005056A1-C63D-0ed3-0000-008590048369,extranet,"[{'type': 'Network', 'overridable': False, 'id': '005056A1-C63D-0ed3-0000-008589958255', 'name': 'obj-192.168.72.48'}]",obj-10.6.3.13,1
005056A1-C63D-0ed3-0000-008590048131,extranet,"[{'type': 'Network', 'overridable': False, 'id': '005056A1-C63D-0ed3-0000-008589957772', 'name': 'obj-10.6.178.0'}]",obj-10.6.3.9,1
005056A1-C63D-0ed3-0000-008590048103,extranet,"[{'type': 'Network', 'overridable': False, 'id': '005056A1-C63D-0ed3-0000-008589957633', 'name': 'obj-10.6.146.0'}]",obj-10.6.3.9,1
005056A1-C63D-0ed3-0000-008590048052,extranet,"[{'type': 'Network', 'overridable': False, 'id': '005056A1-C63D-0ed3-0000-008589957469', 'name': 'obj-10.6.16.80'}]",obj-10.6.3.9,1
005056A1-C63D-0ed3-0000-008590048246,inside,"[{'type': 'Network', 'overridable': False, 'id': '005056A1-C63D-0ed3-0000-008589957424', 'name': 'OBJ-10.237.0.0'}]",obj-10.5.100.1,1
005056A1-C63D-0ed3-0000-008590048041,extranet,"[{'type': 'Host', 'overridable': False, 'id': '005056A1-C63D-0ed3-0000-008589956385', 'name': 'obj-10.6.3.53'}]",obj-10.6.3.9,1
005056A1-C63D-0ed3-0000-008590048328,ipsec,"[{'type': 'Network', 'overridable': False, 'id': '005056A1-C63D-0ed3-0000-008589958099', 'name': 'obj-192.168.20.0'}]",obj-10.5.108.15,1
005056A1-C63D-0ed3-0000-008590048278,extranet,"[{'type': 'Network', 'overridable': False, 'id': '005056A1-C63D-0ed3-0000-008589957947', 'name': 'obj-159.4.168.0'}]",obj-10.6.3.7,1
005056A1-C63D-0ed3-0000-008590048423,extranet,"[{'type': 'Host', 'overridable': False, 'id': '005056A1-C63D-0ed3-0000-008589956730', 'name': 'obj-192.168.154.2'}]",obj-10.6.3.9,1
005056A1-C63D-0ed3-0000-008590048312,extranet,"[{'type': 'Network', 'overridable': False, 'id': '005056A1-C63D-0ed3-0000-008589958088', 'name': 'obj-192.168.5.56'}]",obj-10.6.3.36,1
005056A1-C63D-0ed3-0000-008590048229,extranet,"[{'type': 'Host', 'overridable': False, 'id': '005056A1-C63D-0ed3-0000-008589956560', 'name': 'obj-10.80.91.118'}]",obj-10.6.3.9,1
005056A1-C63D-0ed3-0000-008590047982,inside,"[{'type': 'Network', 'overridable': False, 'id': '005056A1-C63D-0ed3-0000-008589957434', 'name': 'obj-10.0.0.0'}]",obj-10.5.100.1,1
005056A1-C63D-0ed3-0000-008590048003,extranet,"[{'type': 'Network', 'overridable': False, 'id': '005056A1-C63D-0ed3-0000-008589957450', 'name': 'obj-10.6.0.0'}]",obj-10.6.3.9,1
005056A1-C63D-0ed3-0000-008590048439,extranet,"[{'type': 'Host', 'overridable': False, 'id': '005056A1-C63D-0ed3-0000-008589956741', 'name': 'obj-192.168.176.2'}]",obj-10.6.3.9,1
005056A1-C63D-0ed3-0000-008590048183,extranet,"[{'type': 'Host', 'overridable': False, 'id': '005056A1-C63D-0ed3-0000-008589956548', 'name': 'obj-10.7.11.5'}]",obj-10.6.3.9,1
005056A1-C63D-0ed3-0000-008590048065,extranet,"[{'type': 'Network', 'overridable': False, 'id': '005056A1-C63D-0ed3-0000-008589957597', 'name': 'obj-10.6.29.0'}]",obj-10.6.3.9,1
005056A1-C63D-0ed3-0000-008590048064,extranet,"[{'type': 'Network', 'overridable': False, 'id': '005056A1-C63D-0ed3-0000-008589957596', 'name': 'obj-10.6.28.0'}]",obj-10.6.3.9,1
005056A1-C63D-0ed3-0000-008590048042,extranet,"[{'type': 'Host', 'overridable': False, 'id': '005056A1-C63D-0ed3-0000-008589956386', 'name': 'obj-10.6.3.56'}]",obj-10.6.3.9,1
005056A1-C63D-0ed3-0000-008590048351,ipsec,"[{'type': 'Network', 'overridable': False, 'id': '005056A1-C63D-0ed3-0000-008589958122', 'name': 'obj-192.168.43.0'}]",obj-10.5.108.15,1
005056A1-C63D-0ed3-0000-008590048014,extranet,"[{'type': 'Network', 'overridable': False, 'id': '005056A1-C63D-0ed3-0000-008589957455', 'name': 'obj-10.6.0.68'}]",obj-10.6.3.9,1
005056A1-C63D-0ed3-0000-008590048249,extranet,"[{'type': 'Network', 'overridable': False, 'id': '005056A1-C63D-0ed3-0000-008589957942', 'name': 'obj-10.244.0.0'}]",obj-10.6.3.9,1
005056A1-C63D-0ed3-0000-008590048244,extranet,"[{'type': 'Network', 'overridable': False, 'id': '005056A1-C63D-0ed3-0000-008589957939', 'name': 'obj-10.236.250.0'}]",obj-10.6.3.9,1
005056A1-C63D-0ed3-0000-008590048441,extranet,"[{'type': 'Host', 'overridable': False, 'id': '005056A1-C63D-0ed3-0000-008589956743', 'name': 'obj-192.168.236.5'}]",obj-10.6.3.70,1
005056A1-C63D-0ed3-0000-008590048310,ipsec,"[{'type': 'Network', 'overridable': False, 'id': '005056A1-C63D-0ed3-0000-008589958086', 'name': 'obj-192.168.2.0'}]",obj-10.5.108.15,1
005056A1-C63D-0ed3-0000-008590048363,extranet,"[{'type': 'Network', 'overridable': False, 'id': '005056A1-C63D-0ed3-0000-008589958249', 'name': 'obj-192.168.70.0'}]",obj-10.6.3.13,1
005056A1-C63D-0ed3-0000-008590048205,inside,"[{'type': 'Network', 'overridable': False, 'id': '005056A1-C63D-0ed3-0000-008589957924', 'name': 'obj-10.64.0.0'}]",obj-10.5.100.1,1
005056A1-C63D-0ed3-0000-008590048157,extranet,"[{'type': 'Host', 'overridable': False, 'id': '005056A1-C63D-0ed3-0000-008589956408', 'name': 'obj-10.6.250.90'}]",obj-10.6.3.9,1
005056A1-C63D-0ed3-0000-008590048149,extranet,"[{'type': 'Network', 'overridable': False, 'id': '005056A1-C63D-0ed3-0000-008589957789', 'name': 'obj-10.6.248.64'}]",obj-10.6.3.15,1
005056A1-C63D-0ed3-0000-008590048323,ipsec,"[{'type': 'Network', 'overridable': False, 'id': '005056A1-C63D-0ed3-0000-008589958094', 'name': 'obj-192.168.12.0'}]",obj-10.5.108.15,1
005056A1-C63D-0ed3-0000-008590048385,extranet,"[{'type': 'Network', 'overridable': False, 'id': '005056A1-C63D-0ed3-0000-008589958271', 'name': 'obj-192.168.74.64'}]",obj-10.6.3.13,1
005056A1-C63D-0ed3-0000-008590048438,extranet,"[{'type': 'Host', 'overridable': False, 'id': '005056A1-C63D-0ed3-0000-008589956740', 'name': 'obj-192.168.175.2'}]",obj-10.6.3.9,1
005056A1-C63D-0ed3-0000-008590048073,extranet,"[{'type': 'Network', 'overridable': False, 'id': '005056A1-C63D-0ed3-0000-008589957603', 'name': 'obj-10.6.42.0'}]",obj-10.6.3.9,1
005056A1-C63D-0ed3-0000-008590048352,ipsec,"[{'type': 'Network', 'overridable': False, 'id': '005056A1-C63D-0ed3-0000-008589958123', 'name': 'obj-192.168.44.0'}]",obj-10.5.108.15,1
005056A1-C63D-0ed3-0000-008590048341,ipsec,"[{'type': 'Network', 'overridable': False, 'id': '005056A1-C63D-0ed3-0000-008589958112', 'name': 'obj-192.168.33.0'}]",obj-10.5.108.15,1
005056A1-C63D-0ed3-0000-008590048453,extranet,"[{'type': 'Host', 'overridable': False, 'id': '005056A1-C63D-0ed3-0000-008589956749', 'name': 'obj-209.13.133.54'}]",obj-10.6.3.9,1
005056A1-C63D-0ed3-0000-008590048193,ipsec,"[{'type': 'Network', 'overridable': False, 'id': '005056A1-C63D-0ed3-0000-008589957800', 'name': 'obj-10.8.80.0'}]",obj-10.5.108.34,1
005056A1-C63D-0ed3-0000-008590048235,inside,"[{'type': 'Network', 'overridable': False, 'id': '005056A1-C63D-0ed3-0000-008589957931', 'name': 'obj-10.234.0.0'}]",obj-10.5.100.1,1
005056A1-C63D-0ed3-0000-008590048011,extranet,"[{'type': 'Network', 'overridable': False, 'id': '005056A1-C63D-0ed3-0000-008589957452', 'name': 'obj-10.6.0.24'}]",obj-10.6.3.9,1
005056A1-C63D-0ed3-0000-008590048164,extranet,"[{'type': 'Host', 'overridable': False, 'id': '005056A1-C63D-0ed3-0000-008589956415', 'name': 'obj-10.6.252.12'}]",obj-10.6.3.9,1
005056A1-C63D-0ed3-0000-008590048276,extranet,"[{'type': 'Network', 'overridable': False, 'id': '005056A1-C63D-0ed3-0000-008589957945', 'name': 'obj-154.0.241.192'}]",obj-10.6.3.9,1
005056A1-C63D-0ed3-0000-008590048023,extranet,"[{'type': 'Host', 'overridable': False, 'id': '005056A1-C63D-0ed3-0000-008589956257', 'name': 'obj-10.6.0.149'}]",obj-10.6.3.9,1
005056A1-C63D-0ed3-0000-008590047999,ipsec,"[{'type': 'Network', 'overridable': False, 'id': '005056A1-C63D-0ed3-0000-008589957446', 'name': 'obj-10.5.48.128'}]",obj-10.5.108.15,1
005056A1-C63D-0ed3-0000-008590048381,extranet,"[{'type': 'Network', 'overridable': False, 'id': '005056A1-C63D-0ed3-0000-008589958267', 'name': 'obj-192.168.74.32'}]",obj-10.6.3.13,1
005056A1-C63D-0ed3-0000-008590048318,ipsec,"[{'type': 'Network', 'overridable': False, 'id': '005056A1-C63D-0ed3-0000-008589958090', 'name': 'obj-192.168.7.128'}]",obj-10.5.108.15,1
005056A1-C63D-0ed3-0000-008590048147,extranet,"[{'type': 'Network', 'overridable': False, 'id': '005056A1-C63D-0ed3-0000-008589957787', 'name': 'obj-10.6.216.0'}]",obj-10.6.3.9,1
005056A1-C63D-0ed3-0000-008590048299,ipsec,"[{'type': 'Host', 'overridable': False, 'id': '005056A1-C63D-0ed3-0000-008589952598', 'name': 'OBJ-172.30.221.1'}]",OBJ-10.5.108.5,1
005056A1-C63D-0ed3-0000-008590048038,extranet,"[{'type': 'Network', 'overridable': False, 'id': '005056A1-C63D-0ed3-0000-008589957465', 'name': 'obj-10.6.3.48'}]",obj-10.6.3.9,1
005056A1-C63D-0ed3-0000-008590048029,extranet,"[{'type': 'Host', 'overridable': False, 'id': '005056A1-C63D-0ed3-0000-008589956259', 'name': 'obj-10.6.3.32'}]",obj-10.6.3.9,1
005056A1-C63D-0ed3-0000-008590048340,ipsec,"[{'type': 'Network', 'overridable': False, 'id': '005056A1-C63D-0ed3-0000-008589958111', 'name': 'obj-192.168.32.0'}]",obj-10.5.108.15,1
005056A1-C63D-0ed3-0000-008590048269,extranet,"[{'type': 'Host', 'overridable': False, 'id': '005056A1-C63D-0ed3-0000-008589956575', 'name': 'obj-148.171.221.227'}]",obj-10.6.3.15,1
005056A1-C63D-0ed3-0000-008590048022,extranet,"[{'type': 'Host', 'overridable': False, 'id': '005056A1-C63D-0ed3-0000-008589956256', 'name': 'obj-10.6.0.145'}]",obj-10.6.3.9,1
005056A1-C63D-0ed3-0000-008590048156,extranet,"[{'type': 'Host', 'overridable': False, 'id': '005056A1-C63D-0ed3-0000-008589956407', 'name': 'obj-10.6.250.11'}]",obj-10.6.3.9,1
005056A1-C63D-0ed3-0000-008590048296,inside,"[{'type': 'Network', 'overridable': False, 'id': '005056A1-C63D-0ed3-0000-008589957962', 'name': 'obj-172.26.0.0'}]",obj-10.5.100.1,1
005056A1-C63D-0ed3-0000-008590048058,extranet,"[{'type': 'Network', 'overridable': False, 'id': '005056A1-C63D-0ed3-0000-008589957590', 'name': 'obj-10.6.19.224'}]",obj-10.6.3.7,1
005056A1-C63D-0ed3-0000-008590048117,extranet,"[{'type': 'Network', 'overridable': False, 'id': '005056A1-C63D-0ed3-0000-008589957761', 'name': 'obj-10.6.174.0'}]",obj-10.6.3.9,1
005056A1-C63D-0ed3-0000-008590048339,ipsec,"[{'type': 'Network', 'overridable': False, 'id': '005056A1-C63D-0ed3-0000-008589958110', 'name': 'obj-192.168.31.0'}]",obj-10.5.108.15,1
005056A1-C63D-0ed3-0000-008590048417,extranet,"[{'type': 'Host', 'overridable': False, 'id': '005056A1-C63D-0ed3-0000-008589956724', 'name': 'obj-192.168.148.2'}]",obj-10.6.3.9,1
005056A1-C63D-0ed3-0000-008590048184,extranet,"[{'type': 'Host', 'overridable': False, 'id': '005056A1-C63D-0ed3-0000-008589956549', 'name': 'obj-10.7.11.9'}]",obj-10.6.3.9,1
005056A1-C63D-0ed3-0000-008590048207,extranet,"[{'type': 'Host', 'overridable': False, 'id': '005056A1-C63D-0ed3-0000-008589956557', 'name': 'obj-10.64.10.43'}]",obj-10.6.3.9,1
005056A1-C63D-0ed3-0000-008590048283,inside,"[{'type': 'Network', 'overridable': False, 'id': '005056A1-C63D-0ed3-0000-008589957951', 'name': 'obj-172.16.0.02'}]",obj-10.5.100.1,1
005056A1-C63D-0ed3-0000-008590048391,extranet,"[{'type': 'Host', 'overridable': False, 'id': '005056A1-C63D-0ed3-0000-008589956588', 'name': 'obj-192.168.95.180'}]",obj-10.6.3.17,1
005056A1-C63D-0ed3-0000-008590048373,extranet,"[{'type': 'Network', 'overridable': False, 'id': '005056A1-C63D-0ed3-0000-008589958259', 'name': 'obj-192.168.72.80'}]",obj-10.6.3.13,1
005056A1-C63D-0ed3-0000-008590048427,extranet,"[{'type': 'Network', 'overridable': False, 'id': '005056A1-C63D-0ed3-0000-008589958280', 'name': 'obj-192.168.158.0'}]",obj-10.6.3.9,1
005056A1-C63D-0ed3-0000-008590048034,extranet,"[{'type': 'Host', 'overridable': False, 'id': '005056A1-C63D-0ed3-0000-008589956379', 'name': 'obj-10.6.3.43'}]",obj-10.6.3.9,1
005056A1-C63D-0ed3-0000-008590048258,outside,"[{'type': 'Host', 'overridable': False, 'id': '005056A1-C63D-0ed3-0000-008589956565', 'name': 'obj-69.191.192.15'}]",obj-200.1.118.1,1
005056A1-C63D-0ed3-0000-008590048077,extranet,"[{'type': 'Network', 'overridable': False, 'id': '005056A1-C63D-0ed3-0000-008589957607', 'name': 'obj-10.6.48.0'}]",obj-10.6.3.9,1
005056A1-C63D-0ed3-0000-008590048241,extranet,"[{'type': 'Network', 'overridable': False, 'id': '005056A1-C63D-0ed3-0000-008589957936', 'name': 'obj-10.236.136.0'}]",obj-10.6.3.9,1
005056A1-C63D-0ed3-0000-008590048185,extranet,"[{'type': 'Host', 'overridable': False, 'id': '005056A1-C63D-0ed3-0000-008589956550', 'name': 'obj-10.7.11.13'}]",obj-10.6.3.9,1
005056A1-C63D-0ed3-0000-008590048142,extranet,"[{'type': 'Network', 'overridable': False, 'id': '005056A1-C63D-0ed3-0000-008589957782', 'name': 'obj-10.6.208.0'}]",obj-10.6.3.9,1
005056A1-C63D-0ed3-0000-008590048194,ipsec,"[{'type': 'Network', 'overridable': False, 'id': '005056A1-C63D-0ed3-0000-008589957801', 'name': 'obj-10.8.88.0'}]",obj-10.5.108.33,1
005056A1-C63D-0ed3-0000-008590048167,extranet,"[{'type': 'Host', 'overridable': False, 'id': '005056A1-C63D-0ed3-0000-008589956419', 'name': 'obj-10.6.252.45'}]",obj-10.6.3.9,1
005056A1-C63D-0ed3-0000-008590048125,extranet,"[{'type': 'Network', 'overridable': False, 'id': '005056A1-C63D-0ed3-0000-008589957271', 'name': 'OBJ-10.6.174.128'}]",obj-10.6.3.9,1
005056A1-C63D-0ed3-0000-008590048316,extranet,"[{'type': 'Host', 'overridable': False, 'id': '005056A1-C63D-0ed3-0000-008589951930', 'name': 'OBJ-192.168.5.226'}]",obj-10.6.3.9,1
005056A1-C63D-0ed3-0000-008590048015,extranet,"[{'type': 'Network', 'overridable': False, 'id': '005056A1-C63D-0ed3-0000-008589957456', 'name': 'obj-10.6.0.72'}]",obj-10.6.3.9,1
005056A1-C63D-0ed3-0000-008590048437,extranet,"[{'type': 'Host', 'overridable': False, 'id': '005056A1-C63D-0ed3-0000-008589956739', 'name': 'obj-192.168.174.2'}]",obj-10.6.3.9,1
005056A1-C63D-0ed3-0000-008590048174,extranet,"[{'type': 'Host', 'overridable': False, 'id': '005056A1-C63D-0ed3-0000-008589956426', 'name': 'obj-10.6.252.76'}]",obj-10.6.3.7,1
005056A1-C63D-0ed3-0000-008590048204,inside,"[{'type': 'Network', 'overridable': False, 'id': '005056A1-C63D-0ed3-0000-008589957923', 'name': 'obj-10.32.0.0'}]",obj-10.5.100.1,1
005056A1-C63D-0ed3-0000-146030027171,extranet,"[{'type': 'Network', 'overridable': False, 'id': '005056A1-C63D-0ed3-0000-146030027148', 'name': 'NET-192.168.74.248_29'}]",N/A,1
005056A1-C63D-0ed3-0000-008590048089,extranet,"[{'type': 'Network', 'overridable': False, 'id': '005056A1-C63D-0ed3-0000-008589957619', 'name': 'obj-10.6.100.96'}]",obj-10.6.3.9,1
005056A1-C63D-0ed3-0000-008590048036,extranet,"[{'type': 'Host', 'overridable': False, 'id': '005056A1-C63D-0ed3-0000-008589956381', 'name': 'obj-10.6.3.45'}]",obj-10.6.3.9,1
005056A1-C63D-0ed3-0000-008590048182,extranet,"[{'type': 'Host', 'overridable': False, 'id': '005056A1-C63D-0ed3-0000-008589956547', 'name': 'obj-10.7.11.1'}]",obj-10.6.3.9,1
005056A1-C63D-0ed3-0000-008590048186,extranet,"[{'type': 'Network', 'overridable': False, 'id': '005056A1-C63D-0ed3-0000-008589957794', 'name': 'obj-10.7.11.16'}]",obj-10.6.3.9,1
005056A1-C63D-0ed3-0000-008590048324,ipsec,"[{'type': 'Network', 'overridable': False, 'id': '005056A1-C63D-0ed3-0000-008589958095', 'name': 'obj-192.168.16.0'}]",obj-10.5.108.15,1
005056A1-C63D-0ed3-0000-008590048009,extranet,"[{'type': 'Host', 'overridable': False, 'id': '005056A1-C63D-0ed3-0000-008589956251', 'name': 'obj-10.6.0.10'}]",obj-10.6.3.30,1
005056A1-C63D-0ed3-0000-008590048248,extranet,"[{'type': 'Network', 'overridable': False, 'id': '005056A1-C63D-0ed3-0000-008589957941', 'name': 'obj-10.240.0.0'}]",obj-10.6.3.9,1
005056A1-C63D-0ed3-0000-008590048292,ipsec,"[{'type': 'Network', 'overridable': False, 'id': '005056A1-C63D-0ed3-0000-008589957958', 'name': 'obj-172.20.144.0'}]",obj-10.5.108.15,1
005056A1-C63D-0ed3-0000-008590048400,extranet,"[{'type': 'Host', 'overridable': False, 'id': '005056A1-C63D-0ed3-0000-008589956709', 'name': 'obj-192.168.97.129'}]",obj-10.6.3.36,1
005056A1-C63D-0ed3-0000-008590048237,inside,"[{'type': 'Network', 'overridable': False, 'id': '005056A1-C63D-0ed3-0000-008589957933', 'name': 'obj-10.234.8.0'}]",obj-10.5.100.1,1
005056A1-C63D-0ed3-0000-008590048027,extranet,"[{'type': 'Network', 'overridable': False, 'id': '005056A1-C63D-0ed3-0000-008589957464', 'name': 'obj-10.6.1.52'}]",obj-10.6.3.9,1
005056A1-C63D-0ed3-0000-008590048026,extranet,"[{'type': 'Network', 'overridable': False, 'id': '005056A1-C63D-0ed3-0000-008589957463', 'name': 'obj-10.6.1.28'}]",obj-10.6.3.9,1
005056A1-C63D-0ed3-0000-008590048107,extranet,"[{'type': 'Network', 'overridable': False, 'id': '005056A1-C63D-0ed3-0000-008589957637', 'name': 'obj-10.6.152.80'}]",obj-10.6.3.9,1
005056A1-C63D-0ed3-0000-008590048067,extranet,"[{'type': 'Network', 'overridable': False, 'id': '005056A1-C63D-0ed3-0000-008589957599', 'name': 'obj-10.6.33.0'}]",obj-10.6.3.9,1
005056A1-C63D-0ed3-0000-008590048087,extranet,"[{'type': 'Network', 'overridable': False, 'id': '005056A1-C63D-0ed3-0000-008589957617', 'name': 'obj-10.6.100.64'}]",obj-10.6.3.9,1
005056A1-C63D-0ed3-0000-008590048155,extranet,"[{'type': 'Host', 'overridable': False, 'id': '005056A1-C63D-0ed3-0000-008589956406', 'name': 'obj-10.6.250.9'}]",obj-10.6.3.9,1
005056A1-C63D-0ed3-0000-008590048370,extranet,"[{'type': 'Network', 'overridable': False, 'id': '005056A1-C63D-0ed3-0000-008589958256', 'name': 'obj-192.168.72.56'}]",obj-10.6.3.13,1
005056A1-C63D-0ed3-0000-008590048169,extranet,"[{'type': 'Host', 'overridable': False, 'id': '005056A1-C63D-0ed3-0000-008589956421', 'name': 'obj-10.6.252.60'}]",obj-10.6.3.9,1
005056A1-C63D-0ed3-0000-008590048079,extranet,"[{'type': 'Network', 'overridable': False, 'id': '005056A1-C63D-0ed3-0000-008589957609', 'name': 'obj-10.6.56.0'}]",obj-10.6.3.15,1
005056A1-C63D-0ed3-0000-008590048109,extranet,"[{'type': 'Network', 'overridable': False, 'id': '005056A1-C63D-0ed3-0000-008589957638', 'name': 'obj-10.6.153.0'}]",obj-10.6.3.15,1
005056A1-C63D-0ed3-0000-025770165973,extranet,"[{'type': 'Network', 'overridable': False, 'id': '005056A1-C63D-0ed3-0000-025770165950', 'name': 'OBJ_192.168.74.144'}]",obj-10.6.3.13,1
005056A1-C63D-0ed3-0000-008590048082,extranet,"[{'type': 'Network', 'overridable': False, 'id': '005056A1-C63D-0ed3-0000-008589957612', 'name': 'obj-10.6.96.32'}]",obj-10.6.3.253,1
005056A1-C63D-0ed3-0000-008590048442,extranet,"[{'type': 'Host', 'overridable': False, 'id': '005056A1-C63D-0ed3-0000-008589956744', 'name': 'obj-192.168.251.12'}]",obj-10.6.3.9,1
005056A1-C63D-0ed3-0000-008590048286,extranet,"[{'type': 'Network', 'overridable': False, 'id': '005056A1-C63D-0ed3-0000-008589957954', 'name': 'obj-172.17.176.0'}]",obj-10.6.3.9,1
005056A1-C63D-0ed3-0000-008590048287,inside,"[{'type': 'Network', 'overridable': False, 'id': '005056A1-C63D-0ed3-0000-008589957955', 'name': 'obj-172.18.0.0'}]",obj-10.5.100.1,1
005056A1-C63D-0ed3-0000-008590048030,extranet,"[{'type': 'Host', 'overridable': False, 'id': '005056A1-C63D-0ed3-0000-008589956260', 'name': 'obj-10.6.3.33'}]",obj-10.6.3.9,1
005056A1-C63D-0ed3-0000-008590048393,extranet,"[{'type': 'Host', 'overridable': False, 'id': '005056A1-C63D-0ed3-0000-008589956590', 'name': 'obj-192.168.95.210'}]",obj-10.6.3.36,1
005056A1-C63D-0ed3-0000-008590048326,ipsec,"[{'type': 'Network', 'overridable': False, 'id': '005056A1-C63D-0ed3-0000-008589958097', 'name': 'obj-192.168.17.0'}]",obj-10.5.108.15,1
005056A1-C63D-0ed3-0000-008590048338,ipsec,"[{'type': 'Network', 'overridable': False, 'id': '005056A1-C63D-0ed3-0000-008589958109', 'name': 'obj-192.168.30.0'}]",obj-10.5.108.15,1
005056A1-C63D-0ed3-0000-008590048208,extranet,"[{'type': 'Network', 'overridable': False, 'id': '005056A1-C63D-0ed3-0000-008589957925', 'name': 'obj-10.64.46.0'}]",obj-10.6.3.9,1
005056A1-C63D-0ed3-0000-008590048129,extranet,"[{'type': 'Network', 'overridable': False, 'id': '005056A1-C63D-0ed3-0000-008589957770', 'name': 'obj-10.6.175.192'}]",obj-10.6.3.70,1
005056A1-C63D-0ed3-0000-008590048061,extranet,"[{'type': 'Network', 'overridable': False, 'id': '005056A1-C63D-0ed3-0000-008589957593', 'name': 'obj-10.6.25.0'}]",obj-10.6.3.9,1
005056A1-C63D-0ed3-0000-008590048259,outside,"[{'type': 'Host', 'overridable': False, 'id': '005056A1-C63D-0ed3-0000-008589956566', 'name': 'obj-69.191.192.19'}]",obj-200.1.118.1,1
005056A1-C63D-0ed3-0000-008590048048,extranet,"[{'type': 'Host', 'overridable': False, 'id': '005056A1-C63D-0ed3-0000-008589956392', 'name': 'obj-10.6.3.134'}]",obj-10.6.3.9,1
005056A1-C63D-0ed3-0000-008590048190,ipsec,"[{'type': 'Network', 'overridable': False, 'id': '005056A1-C63D-0ed3-0000-008589957306', 'name': 'OBJ-10.8.7.0'}]",obj-10.5.108.3,1
005056A1-C63D-0ed3-0000-008590048180,inside,"[{'type': 'Host', 'overridable': False, 'id': '005056A1-C63D-0ed3-0000-008589956546', 'name': 'obj-10.7.1.9'}]",obj-10.5.100.1,1
005056A1-C63D-0ed3-0000-008590048372,extranet,"[{'type': 'Network', 'overridable': False, 'id': '005056A1-C63D-0ed3-0000-008589958258', 'name': 'obj-192.168.72.72'}]",obj-10.6.3.13,1
005056A1-C63D-0ed3-0000-008590048217,extranet,"[{'type': 'Host', 'overridable': False, 'id': '005056A1-C63D-0ed3-0000-008589955062', 'name': 'OBJ-10.70.228.1'}]",obj-10.6.3.36,1
005056A1-C63D-0ed3-0000-008590048060,extranet,"[{'type': 'Network', 'overridable': False, 'id': '005056A1-C63D-0ed3-0000-008589957592', 'name': 'obj-10.6.24.0'}]",obj-10.6.3.9,1
005056A1-C63D-0ed3-0000-008590048240,inside,"[{'type': 'Network', 'overridable': False, 'id': '005056A1-C63D-0ed3-0000-008589957432', 'name': 'OBJ-10.236.0.0'}]",obj-10.5.100.1,1
005056A1-C63D-0ed3-0000-008590048273,extranet,"[{'type': 'Host', 'overridable': False, 'id': '005056A1-C63D-0ed3-0000-008589956577', 'name': 'obj-154.0.241.4'}]",obj-10.6.3.9,1
005056A1-C63D-0ed3-0000-008590048019,extranet,"[{'type': 'Network', 'overridable': False, 'id': '005056A1-C63D-0ed3-0000-008589957458', 'name': 'obj-10.6.0.108'}]",obj-10.6.3.70,1
005056A1-C63D-0ed3-0000-008590048105,extranet,"[{'type': 'Network', 'overridable': False, 'id': '005056A1-C63D-0ed3-0000-008589957635', 'name': 'obj-10.6.151.0'}]",obj-10.6.3.9,1
005056A1-C63D-0ed3-0000-008590047980,outside,"[{'type': 'Network', 'overridable': False, 'id': 'cb7116e8-66a6-480b-8f9b-295191a0940a', 'name': 'any-ipv4'}]",obj-200.1.118.1,1
005056A1-C63D-0ed3-0000-008590048146,extranet,"[{'type': 'Network', 'overridable': False, 'id': '005056A1-C63D-0ed3-0000-008589957786', 'name': 'obj-10.6.215.32'}]",obj-10.6.3.9,1
005056A1-C63D-0ed3-0000-008590048282,inside,"[{'type': 'Host', 'overridable': False, 'id': '005056A1-C63D-0ed3-0000-008589956580', 'name': 'obj-169.254.186.38'}]",obj-10.5.100.1,1
005056A1-C63D-0ed3-0000-008590048358,extranet,"[{'type': 'Network', 'overridable': False, 'id': '005056A1-C63D-0ed3-0000-008589958129', 'name': 'obj-192.168.65.0'}]",obj-10.6.3.13,1
005056A1-C63D-0ed3-0000-008590048062,extranet,"[{'type': 'Network', 'overridable': False, 'id': '005056A1-C63D-0ed3-0000-008589957594', 'name': 'obj-10.6.26.0'}]",obj-10.6.3.9,1
005056A1-C63D-0ed3-0000-008590048440,extranet,"[{'type': 'Host', 'overridable': False, 'id': '005056A1-C63D-0ed3-0000-008589956742', 'name': 'obj-192.168.200.1'}]",obj-10.6.3.70,1
005056A1-C63D-0ed3-0000-008590048305,extranet,"[{'type': 'Network', 'overridable': False, 'id': '005056A1-C63D-0ed3-0000-008589957967', 'name': 'obj-192.155.137.0'}]",obj-10.6.3.7,1
005056A1-C63D-0ed3-0000-008590048031,extranet,"[{'type': 'Host', 'overridable': False, 'id': '005056A1-C63D-0ed3-0000-008589956261', 'name': 'obj-10.6.3.35'}]",obj-10.6.3.9,1
005056A1-C63D-0ed3-0000-008590048243,extranet,"[{'type': 'Network', 'overridable': False, 'id': '005056A1-C63D-0ed3-0000-008589957938', 'name': 'obj-10.236.246.0'}]",obj-10.6.3.9,1
005056A1-C63D-0ed3-0000-008590048421,extranet,"[{'type': 'Host', 'overridable': False, 'id': '005056A1-C63D-0ed3-0000-008589956728', 'name': 'obj-192.168.152.2'}]",obj-10.6.3.9,1
005056A1-C63D-0ed3-0000-008590048104,extranet,"[{'type': 'Network', 'overridable': False, 'id': '005056A1-C63D-0ed3-0000-008589957634', 'name': 'obj-10.6.148.0'}]",obj-10.6.3.9,1
005056A1-C63D-0ed3-0000-008590048139,extranet,"[{'type': 'Network', 'overridable': False, 'id': '005056A1-C63D-0ed3-0000-008589957779', 'name': 'obj-10.6.200.0'}]",obj-10.6.3.9,1
005056A1-C63D-0ed3-0000-008590048090,extranet,"[{'type': 'Network', 'overridable': False, 'id': '005056A1-C63D-0ed3-0000-008589957620', 'name': 'obj-10.6.100.112'}]",obj-10.6.3.9,1
005056A1-C63D-0ed3-0000-008590048366,extranet,"[{'type': 'Network', 'overridable': False, 'id': '005056A1-C63D-0ed3-0000-008589958252', 'name': 'obj-192.168.72.8'}]",obj-10.6.3.13,1
005056A1-C63D-0ed3-0000-008590048429,extranet,"[{'type': 'Network', 'overridable': False, 'id': '005056A1-C63D-0ed3-0000-008589958282', 'name': 'obj-192.168.160.0'}]",obj-10.6.3.9,1
005056A1-C63D-0ed3-0000-008590048152,extranet,"[{'type': 'Host', 'overridable': False, 'id': '005056A1-C63D-0ed3-0000-008589956403', 'name': 'obj-10.6.250.4'}]",obj-10.6.3.9,1
005056A1-C63D-0ed3-0000-008590048257,outside,"[{'type': 'Network', 'overridable': False, 'id': '005056A1-C63D-0ed3-0000-008589957944', 'name': 'obj-69.184.0.0'}]",obj-200.1.118.71,1
005056A1-C63D-0ed3-0000-008590048233,outside,"[{'type': 'Host', 'overridable': False, 'id': '005056A1-C63D-0ed3-0000-008589956561', 'name': 'obj-10.169.120.40'}]",obj-200.1.118.2,1
005056A1-C63D-0ed3-0000-008590048454,extranet,"[{'type': 'Network', 'overridable': False, 'id': '005056A1-C63D-0ed3-0000-008589958290', 'name': 'obj-213.246.212.224'}]",obj-10.6.3.9,1
005056A1-C63D-0ed3-0000-008590048120,extranet,"[{'type': 'Network', 'overridable': False, 'id': '005056A1-C63D-0ed3-0000-008589957763', 'name': 'obj-10.6.174.40'}]",obj-10.6.3.9,1
005056A1-C63D-0ed3-0000-008590048449,extranet,"[{'type': 'Network', 'overridable': False, 'id': '005056A1-C63D-0ed3-0000-008589958287', 'name': 'obj-205.173.88.0'}]",obj-10.6.3.9,1
005056A1-C63D-0ed3-0000-008590048450,outside,"[{'type': 'Network', 'overridable': False, 'id': '005056A1-C63D-0ed3-0000-008589958288', 'name': 'obj-205.183.246.0'}]",obj-200.1.118.71,1
005056A1-C63D-0ed3-0000-008590048314,extranet,"[{'type': 'Host', 'overridable': False, 'id': '005056A1-C63D-0ed3-0000-008589951802', 'name': 'OBJ-192.168.5.102'}]",obj-10.6.3.36,1
005056A1-C63D-0ed3-0000-008590048413,extranet,"[{'type': 'Host', 'overridable': False, 'id': '005056A1-C63D-0ed3-0000-008589956720', 'name': 'obj-192.168.143.2'}]",obj-10.6.3.9,1
005056A1-C63D-0ed3-0000-008590048035,extranet,"[{'type': 'Host', 'overridable': False, 'id': '005056A1-C63D-0ed3-0000-008589956380', 'name': 'obj-10.6.3.44'}]",obj-10.6.3.9,1
005056A1-C63D-0ed3-0000-008590048171,extranet,"[{'type': 'Host', 'overridable': False, 'id': '005056A1-C63D-0ed3-0000-008589956423', 'name': 'obj-10.6.252.71'}]",obj-10.6.3.9,1
005056A1-C63D-0ed3-0000-008590048407,ipsec,"[{'type': 'Host', 'overridable': False, 'id': '005056A1-C63D-0ed3-0000-008589956714', 'name': 'obj-192.168.114.254'}]",obj-10.5.108.15,1
005056A1-C63D-0ed3-0000-008590047985,extranet,"[{'type': 'Host', 'overridable': False, 'id': '005056A1-C63D-0ed3-0000-008589956240', 'name': 'obj-10.0.21.72'}]",obj-10.6.3.9,1
005056A1-C63D-0ed3-0000-008590048101,extranet,"[{'type': 'Network', 'overridable': False, 'id': '005056A1-C63D-0ed3-0000-008589957631', 'name': 'obj-10.6.140.0'}]",obj-10.6.3.15,1
005056A1-C63D-0ed3-0000-008590048055,extranet,"[{'type': 'Network', 'overridable': False, 'id': '005056A1-C63D-0ed3-0000-008589957472', 'name': 'obj-10.6.17.0'}]",obj-10.6.3.9,1
005056A1-C63D-0ed3-0000-008590048364,extranet,"[{'type': 'Network', 'overridable': False, 'id': '005056A1-C63D-0ed3-0000-008589958250', 'name': 'obj-192.168.71.0'}]",obj-10.6.3.13,1
005056A1-C63D-0ed3-0000-008590048396,extranet,"[{'type': 'Host', 'overridable': False, 'id': '005056A1-C63D-0ed3-0000-008589951922', 'name': 'OBJ-192.168.95.241'}]",obj-10.6.3.17,1
005056A1-C63D-0ed3-0000-008590048319,extranet,"[{'type': 'Host', 'overridable': False, 'id': '005056A1-C63D-0ed3-0000-008589951924', 'name': 'OBJ-192.168.7.250'}]",obj-10.6.3.17,1
005056A1-C63D-0ed3-0000-008590048130,extranet,"[{'type': 'Network', 'overridable': False, 'id': '005056A1-C63D-0ed3-0000-008589957771', 'name': 'obj-10.6.176.0'}]",obj-10.6.3.9,1
005056A1-C63D-0ed3-0000-008590048226,ipsec,"[{'type': 'Host', 'overridable': False, 'id': '005056A1-C63D-0ed3-0000-008589953424', 'name': 'OBJ-10.77.252.2'}]",obj-10.5.108.3,1
005056A1-C63D-0ed3-0000-008590048020,extranet,"[{'type': 'Network', 'overridable': False, 'id': '005056A1-C63D-0ed3-0000-008589957459', 'name': 'obj-10.6.0.124'}]",obj-10.6.3.9,1
005056A1-C63D-0ed3-0000-008590048018,extranet,"[{'type': 'Host', 'overridable': False, 'id': '005056A1-C63D-0ed3-0000-008589956254', 'name': 'obj-10.6.0.90'}]",obj-10.6.3.9,1
005056A1-C63D-0ed3-0000-008590048045,extranet,"[{'type': 'Host', 'overridable': False, 'id': '005056A1-C63D-0ed3-0000-008589956389', 'name': 'obj-10.6.3.75'}]",obj-10.6.3.9,1
005056A1-C63D-0ed3-0000-008590048389,extranet,"[{'type': 'Network', 'overridable': False, 'id': '005056A1-C63D-0ed3-0000-008589958275', 'name': 'obj-192.168.74.128'}]",obj-10.6.3.13,1
005056A1-C63D-0ed3-0000-008590048367,extranet,"[{'type': 'Network', 'overridable': False, 'id': '005056A1-C63D-0ed3-0000-008589958253', 'name': 'obj-192.168.72.32'}]",obj-10.6.3.13,1
005056A1-C63D-0ed3-0000-008590048330,ipsec,"[{'type': 'Network', 'overridable': False, 'id': '005056A1-C63D-0ed3-0000-008589958101', 'name': 'obj-192.168.22.0'}]",obj-10.5.108.15,1
005056A1-C63D-0ed3-0000-008590047981,extranet,"[{'type': 'Host', 'overridable': False, 'id': '005056A1-C63D-0ed3-0000-008589956235', 'name': 'obj-9.32.4.55'}]",obj-10.6.3.9,1
005056A1-C63D-0ed3-0000-008590048288,ipsec,"[{'type': 'Network', 'overridable': False, 'id': '005056A1-C63D-0ed3-0000-008589957956', 'name': 'obj-172.20.0.0'}]",obj-10.5.108.15,1
005056A1-C63D-0ed3-0000-008590048093,extranet,"[{'type': 'Network', 'overridable': False, 'id': '005056A1-C63D-0ed3-0000-008589957623', 'name': 'obj-10.6.100.160'}]",obj-10.6.3.9,1
005056A1-C63D-0ed3-0000-008590048118,extranet,"[{'type': 'Host', 'overridable': False, 'id': '005056A1-C63D-0ed3-0000-008589956398', 'name': 'obj-10.6.174.33'}]",obj-10.6.3.9,1
005056A1-C63D-0ed3-0000-008590047983,extranet,"[{'type': 'Host', 'overridable': False, 'id': '005056A1-C63D-0ed3-0000-008589956238', 'name': 'obj-10.0.17.141'}]",obj-10.6.3.9,1
005056A1-C63D-0ed3-0000-008590048126,extranet,"[{'type': 'Network', 'overridable': False, 'id': '005056A1-C63D-0ed3-0000-008589957767', 'name': 'obj-10.6.175.0'}]",obj-10.6.3.9,1
005056A1-C63D-0ed3-0000-008590048000,inside,"[{'type': 'Network', 'overridable': False, 'id': '005056A1-C63D-0ed3-0000-008589957447', 'name': 'obj-10.5.64.0'}]",obj-10.5.100.1,1
005056A1-C63D-0ed3-0000-008590048189,extranet,"[{'type': 'Network', 'overridable': False, 'id': '005056A1-C63D-0ed3-0000-008589957797', 'name': 'obj-10.8.1.224'}]",obj-10.6.3.9,1
005056A1-C63D-0ed3-0000-008590048210,extranet,"[{'type': 'Network', 'overridable': False, 'id': '005056A1-C63D-0ed3-0000-008589957927', 'name': 'obj-10.64.146.0'}]",obj-10.6.3.9,1
005056A1-C63D-0ed3-0000-008590048025,extranet,"[{'type': 'Network', 'overridable': False, 'id': '005056A1-C63D-0ed3-0000-008589957462', 'name': 'obj-10.6.1.0'}]",obj-10.6.3.9,1
005056A1-C63D-0ed3-0000-008590048365,extranet,"[{'type': 'Network', 'overridable': False, 'id': '005056A1-C63D-0ed3-0000-008589958251', 'name': 'obj-192.168.72.0'}]",obj-10.6.3.13,1
005056A1-C63D-0ed3-0000-008590048016,extranet,"[{'type': 'Host', 'overridable': False, 'id': '005056A1-C63D-0ed3-0000-008589956253', 'name': 'obj-10.6.0.82'}]",obj-10.6.3.9,1
005056A1-C63D-0ed3-0000-008590048322,ipsec,"[{'type': 'Network', 'overridable': False, 'id': '005056A1-C63D-0ed3-0000-008589958093', 'name': 'obj-192.168.11.0'}]",obj-10.5.108.15,1
005056A1-C63D-0ed3-0000-008590048228,extranet,"[{'type': 'Host', 'overridable': False, 'id': '005056A1-C63D-0ed3-0000-008589956559', 'name': 'obj-10.80.91.102'}]",obj-10.6.3.9,1
005056A1-C63D-0ed3-0000-008590048414,extranet,"[{'type': 'Host', 'overridable': False, 'id': '005056A1-C63D-0ed3-0000-008589956721', 'name': 'obj-192.168.144.2'}]",obj-10.6.3.9,1
005056A1-C63D-0ed3-0000-008590048293,ipsec,"[{'type': 'Network', 'overridable': False, 'id': '005056A1-C63D-0ed3-0000-008589957959', 'name': 'obj-172.20.160.0'}]",obj-10.5.108.15,1
005056A1-C63D-0ed3-0000-008590048353,ipsec,"[{'type': 'Network', 'overridable': False, 'id': '005056A1-C63D-0ed3-0000-008589958124', 'name': 'obj-192.168.45.0'}]",obj-10.5.108.15,1
005056A1-C63D-0ed3-0000-008590047992,inside,"[{'type': 'Network', 'overridable': False, 'id': '005056A1-C63D-0ed3-0000-008589957439', 'name': 'obj-10.5.32.0'}]",obj-10.5.100.1,1
005056A1-C63D-0ed3-0000-008590048053,extranet,"[{'type': 'Network', 'overridable': False, 'id': '005056A1-C63D-0ed3-0000-008589957470', 'name': 'obj-10.6.16.128'}]",obj-10.6.3.9,1
005056A1-C63D-0ed3-0000-008590048378,extranet,"[{'type': 'Network', 'overridable': False, 'id': '005056A1-C63D-0ed3-0000-008589958264', 'name': 'obj-192.168.74.8'}]",obj-10.6.3.13,1
005056A1-C63D-0ed3-0000-008590048251,extranet,"[{'type': 'Network', 'overridable': False, 'id': '005056A1-C63D-0ed3-0000-008589957943', 'name': 'obj-65.63.72.0'}]",obj-10.6.3.7,1
005056A1-C63D-0ed3-0000-008590048321,ipsec,"[{'type': 'Network', 'overridable': False, 'id': '005056A1-C63D-0ed3-0000-008589958092', 'name': 'obj-192.168.10.0'}]",obj-10.5.108.15,1
005056A1-C63D-0ed3-0000-008590048446,outside,"[{'type': 'Network', 'overridable': False, 'id': '005056A1-C63D-0ed3-0000-008589958286', 'name': 'obj-199.105.184.0'}]",obj-200.1.118.71,1
005056A1-C63D-0ed3-0000-008590048279,extranet,"[{'type': 'Network', 'overridable': False, 'id': '005056A1-C63D-0ed3-0000-008589957948', 'name': 'obj-159.43.0.0'}]",obj-10.6.3.7,1
005056A1-C63D-0ed3-0000-008590048435,extranet,"[{'type': 'Host', 'overridable': False, 'id': '005056A1-C63D-0ed3-0000-008589956737', 'name': 'obj-192.168.168.2'}]",obj-10.6.3.9,1
005056A1-C63D-0ed3-0000-008590048307,extranet,"[{'type': 'Network', 'overridable': False, 'id': '005056A1-C63D-0ed3-0000-008589958084', 'name': 'obj-192.168.0.03'}]",obj-10.6.3.9,1
005056A1-C63D-0ed3-0000-008590048072,extranet,"[{'type': 'Network', 'overridable': False, 'id': '005056A1-C63D-0ed3-0000-008589957602', 'name': 'obj-10.6.41.0'}]",obj-10.6.3.9,1
005056A1-C63D-0ed3-0000-008590048111,extranet,"[{'type': 'Network', 'overridable': False, 'id': '005056A1-C63D-0ed3-0000-008589957755', 'name': 'obj-10.6.161.0'}]",obj-10.6.3.9,1
005056A1-C63D-0ed3-0000-008590048209,extranet,"[{'type': 'Network', 'overridable': False, 'id': '005056A1-C63D-0ed3-0000-008589957926', 'name': 'obj-10.64.64.0'}]",obj-10.6.3.9,1
005056A1-C63D-0ed3-0000-008590048247,inside,"[{'type': 'Network', 'overridable': False, 'id': '005056A1-C63D-0ed3-0000-008589957425', 'name': 'OBJ-10.238.0.0'}]",obj-10.5.100.1,1
005056A1-C63D-0ed3-0000-008590048443,extranet,"[{'type': 'Host', 'overridable': False, 'id': '005056A1-C63D-0ed3-0000-008589956745', 'name': 'obj-192.168.254.55'}]",obj-10.6.3.9,1
005056A1-C63D-0ed3-0000-008590047986,extranet,"[{'type': 'Host', 'overridable': False, 'id': '005056A1-C63D-0ed3-0000-008589956241', 'name': 'obj-10.0.31.26'}]",obj-10.6.3.9,1
005056A1-C63D-0ed3-0000-008590048380,extranet,"[{'type': 'Network', 'overridable': False, 'id': '005056A1-C63D-0ed3-0000-008589958266', 'name': 'obj-192.168.74.24'}]",obj-10.6.3.13,1
005056A1-C63D-0ed3-0000-008590048054,extranet,"[{'type': 'Network', 'overridable': False, 'id': '005056A1-C63D-0ed3-0000-008589957471', 'name': 'obj-10.6.16.176'}]",obj-10.6.3.9,1
005056A1-C63D-0ed3-0000-008590048260,outside,"[{'type': 'Host', 'overridable': False, 'id': '005056A1-C63D-0ed3-0000-008589956567', 'name': 'obj-69.191.192.20'}]",obj-200.1.118.1,1
005056A1-C63D-0ed3-0000-008590048010,extranet,"[{'type': 'Network', 'overridable': False, 'id': '005056A1-C63D-0ed3-0000-008589957451', 'name': 'obj-10.6.0.20'}]",obj-10.6.3.9,1
005056A1-C63D-0ed3-0000-008590048238,inside,"[{'type': 'Network', 'overridable': False, 'id': '005056A1-C63D-0ed3-0000-008589957934', 'name': 'obj-10.234.16.0'}]",obj-10.5.100.1,1
005056A1-C63D-0ed3-0000-008590048432,extranet,"[{'type': 'Host', 'overridable': False, 'id': '005056A1-C63D-0ed3-0000-008589956735', 'name': 'obj-192.168.165.2'}]",obj-10.6.3.9,1
005056A1-C63D-0ed3-0000-008590048085,extranet,"[{'type': 'Network', 'overridable': False, 'id': '005056A1-C63D-0ed3-0000-008589957615', 'name': 'obj-10.6.100.32'}]",obj-10.6.3.9,1
005056A1-C63D-0ed3-0000-008590048345,ipsec,"[{'type': 'Network', 'overridable': False, 'id': '005056A1-C63D-0ed3-0000-008589958116', 'name': 'obj-192.168.37.0'}]",obj-10.5.108.15,1
005056A1-C63D-0ed3-0000-008590048329,ipsec,"[{'type': 'Network', 'overridable': False, 'id': '005056A1-C63D-0ed3-0000-008589958100', 'name': 'obj-192.168.21.0'}]",obj-10.5.108.15,1
005056A1-C63D-0ed3-0000-008590048405,extranet,"[{'type': 'Host', 'overridable': False, 'id': '005056A1-C63D-0ed3-0000-008589956713', 'name': 'obj-192.168.113.12'}]",obj-10.6.3.70,1
005056A1-C63D-0ed3-0000-008590048002,inside,"[{'type': 'Network', 'overridable': False, 'id': '005056A1-C63D-0ed3-0000-008589957449', 'name': 'obj-10.5.128.0'}]",obj-10.5.100.1,1
005056A1-C63D-0ed3-0000-008590048066,extranet,"[{'type': 'Network', 'overridable': False, 'id': '005056A1-C63D-0ed3-0000-008589957598', 'name': 'obj-10.6.32.0'}]",obj-10.6.3.7,1
005056A1-C63D-0ed3-0000-008590048284,extranet,"[{'type': 'Network', 'overridable': False, 'id': '005056A1-C63D-0ed3-0000-008589957952', 'name': 'obj-172.17.128.0'}]",obj-10.6.3.9,1
005056A1-C63D-0ed3-0000-008590048084,extranet,"[{'type': 'Network', 'overridable': False, 'id': '005056A1-C63D-0ed3-0000-008589957614', 'name': 'obj-10.6.100.0'}]",obj-10.6.3.9,1
005056A1-C63D-0ed3-0000-008590047989,inside,"[{'type': 'Network', 'overridable': False, 'id': '005056A1-C63D-0ed3-0000-008589957436', 'name': 'obj-10.4.0.0'}]",obj-10.5.100.1,1
005056A1-C63D-0ed3-0000-008590048159,extranet,"[{'type': 'Host', 'overridable': False, 'id': '005056A1-C63D-0ed3-0000-008589956410', 'name': 'obj-10.6.250.93'}]",obj-10.6.3.9,1
005056A1-C63D-0ed3-0000-008590048083,extranet,"[{'type': 'Network', 'overridable': False, 'id': '005056A1-C63D-0ed3-0000-008589957613', 'name': 'obj-10.6.96.128'}]",obj-10.6.3.9,1
005056A1-C63D-0ed3-0000-008590048343,ipsec,"[{'type': 'Network', 'overridable': False, 'id': '005056A1-C63D-0ed3-0000-008589958114', 'name': 'obj-192.168.35.0'}]",obj-10.5.108.15,1
005056A1-C63D-0ed3-0000-008590048013,extranet,"[{'type': 'Network', 'overridable': False, 'id': '005056A1-C63D-0ed3-0000-008589957454', 'name': 'obj-10.6.0.36'}]",obj-10.6.3.9,1
005056A1-C63D-0ed3-0000-008590048218,extranet,"[{'type': 'Host', 'overridable': False, 'id': '005056A1-C63D-0ed3-0000-008589955064', 'name': 'OBJ-10.70.228.2'}]",obj-10.6.3.36,1
005056A1-C63D-0ed3-0000-008590047988,inside,"[{'type': 'Network', 'overridable': False, 'id': '005056A1-C63D-0ed3-0000-008589957435', 'name': 'obj-10.2.0.0'}]",obj-10.5.100.1,1
005056A1-C63D-0ed3-0000-008590048332,ipsec,"[{'type': 'Network', 'overridable': False, 'id': '005056A1-C63D-0ed3-0000-008589958103', 'name': 'obj-192.168.24.0'}]",obj-10.5.108.15,1
005056A1-C63D-0ed3-0000-008590048436,extranet,"[{'type': 'Host', 'overridable': False, 'id': '005056A1-C63D-0ed3-0000-008589956738', 'name': 'obj-192.168.170.2'}]",obj-10.6.3.9,1
005056A1-C63D-0ed3-0000-008590048153,extranet,"[{'type': 'Host', 'overridable': False, 'id': '005056A1-C63D-0ed3-0000-008589956404', 'name': 'obj-10.6.250.5'}]",obj-10.6.3.9,1
005056A1-C63D-0ed3-0000-008590048368,extranet,"[{'type': 'Network', 'overridable': False, 'id': '005056A1-C63D-0ed3-0000-008589958254', 'name': 'obj-192.168.72.40'}]",obj-10.6.3.13,1
005056A1-C63D-0ed3-0000-008590048151,extranet,"[{'type': 'Host', 'overridable': False, 'id': '005056A1-C63D-0ed3-0000-008589956402', 'name': 'obj-10.6.250.3'}]",obj-10.6.3.9,1
005056A1-C63D-0ed3-0000-008590048220,extranet,"[{'type': 'Host', 'overridable': False, 'id': '005056A1-C63D-0ed3-0000-008589955067', 'name': 'OBJ-10.70.228.106'}]",obj-10.6.3.36,1
005056A1-C63D-0ed3-0000-008590048227,extranet,"[{'type': 'Host', 'overridable': False, 'id': '005056A1-C63D-0ed3-0000-008589951937', 'name': 'OBJ-10.80.12.20'}]",obj-10.6.3.9,1
005056A1-C63D-0ed3-0000-008590048148,extranet,"[{'type': 'Network', 'overridable': False, 'id': '005056A1-C63D-0ed3-0000-008589957788', 'name': 'obj-10.6.224.0'}]",obj-10.6.3.9,1
005056A1-C63D-0ed3-0000-008590048006,extranet,"[{'type': 'Host', 'overridable': False, 'id': '005056A1-C63D-0ed3-0000-008589956248', 'name': 'obj-10.6.0.5'}]",obj-10.6.3.9,1
005056A1-C63D-0ed3-0000-008590048347,ipsec,"[{'type': 'Network', 'overridable': False, 'id': '005056A1-C63D-0ed3-0000-008589958118', 'name': 'obj-192.168.39.0'}]",obj-10.5.108.15,1
005056A1-C63D-0ed3-0000-008590048114,extranet,"[{'type': 'Network', 'overridable': False, 'id': '005056A1-C63D-0ed3-0000-008589957758', 'name': 'obj-10.6.171.0'}]",obj-10.6.3.9,1
005056A1-C63D-0ed3-0000-008590048122,extranet,"[{'type': 'Network', 'overridable': False, 'id': '005056A1-C63D-0ed3-0000-008589957764', 'name': 'obj-10.6.174.48'}]",obj-10.6.3.9,1
005056A1-C63D-0ed3-0000-008590048216,extranet,"[{'type': 'Host', 'overridable': False, 'id': '005056A1-C63D-0ed3-0000-008589955057', 'name': 'OBJ-10.70.224.253'}]",obj-10.6.3.17,1
005056A1-C63D-0ed3-0000-008590048112,inside,"[{'type': 'Network', 'overridable': False, 'id': '005056A1-C63D-0ed3-0000-008589957756', 'name': 'obj-10.6.164.0'}]",obj-10.5.100.1,1
005056A1-C63D-0ed3-0000-008590048357,ipsec,"[{'type': 'Network', 'overridable': False, 'id': '005056A1-C63D-0ed3-0000-008589958128', 'name': 'obj-192.168.52.0'}]",obj-10.5.108.15,1
005056A1-C63D-0ed3-0000-008590048123,extranet,"[{'type': 'Network', 'overridable': False, 'id': '005056A1-C63D-0ed3-0000-008589957765', 'name': 'obj-10.6.174.56'}]",obj-10.6.3.9,1
005056A1-C63D-0ed3-0000-008590048219,extranet,"[{'type': 'Host', 'overridable': False, 'id': '005056A1-C63D-0ed3-0000-008589955065', 'name': 'OBJ-10.70.228.105'}]",obj-10.6.3.36,1
005056A1-C63D-0ed3-0000-008590048281,extranet,"[{'type': 'Network', 'overridable': False, 'id': '005056A1-C63D-0ed3-0000-008589957950', 'name': 'obj-159.44.40.0'}]",obj-10.6.3.7,1
005056A1-C63D-0ed3-0000-008590048173,extranet,"[{'type': 'Host', 'overridable': False, 'id': '005056A1-C63D-0ed3-0000-008589956425', 'name': 'obj-10.6.252.74'}]",obj-10.6.3.9,1
005056A1-C63D-0ed3-0000-008590048267,extranet,"[{'type': 'Host', 'overridable': False, 'id': '005056A1-C63D-0ed3-0000-008589956573', 'name': 'obj-129.39.167.223'}]",obj-10.6.3.9,1
005056A1-C63D-0ed3-0000-008590048069,inside,"[{'type': 'Network', 'overridable': False, 'id': '005056A1-C63D-0ed3-0000-008589957601', 'name': 'obj-10.6.40.0'}]",obj-10.5.100.1,1
005056A1-C63D-0ed3-0000-008590048416,extranet,"[{'type': 'Host', 'overridable': False, 'id': '005056A1-C63D-0ed3-0000-008589956723', 'name': 'obj-192.168.147.2'}]",obj-10.6.3.9,1
005056A1-C63D-0ed3-0000-008590048444,extranet,"[{'type': 'Network', 'overridable': False, 'id': '005056A1-C63D-0ed3-0000-008589958284', 'name': 'obj-194.117.106.128'}]",obj-10.6.3.9,1